667968c33d53642023bdb58f,90,变化,植入寄生种子后，将在每回合一点一点吸取对手的ＨＰ，从而用来回复自己的ＨＰ。,1,73,Leech Seed,やどりぎのタネ,寄生种子,10,—,草
667968c33d53642023bdb590,—,变化,让身体一下子长大，从而提高攻击和特攻。,1,74,Growth,せいちょう,生长,20,—,一般
667968c33d53642023bdb591,95,物理,飞出叶片，切斩对手进行攻击。容易击中要害。,1,75,Razor Leaf,はっぱカッター,飞叶快刀,25,55,草
667968c33d53642023bdb592,100,特殊,第１回合收集满满的日光，第２回合发射光束进行攻击。,1,76,Solar Beam,ソーラービーム,日光束,10,120,草
667968c33d53642023bdb593,75,变化,撒出毒粉，从而让对手陷入中毒状态。,1,77,Poison Powder,どくのこな,毒粉,35,—,毒
667968c33d53642023bdb594,75,变化,撒出麻痹粉，从而让对手陷入麻痹状态。,1,78,Stun Spore,しびれごな,麻痹粉,30,—,草
667968c33d53642023bdb595,75,变化,撒出催眠粉，从而让对手陷入睡眠状态。,1,79,Sleep Powder,ねむりごな,催眠粉,15,—,草
667968c33d53642023bdb596,100,特殊,在２～３回合内，散落花瓣攻击对手。之后自己会陷入混乱。,1,80,Petal Dance,はなびらのまい,花瓣舞,10,120,草
667968c33d53642023bdb597,95,变化,用口中吐出的丝缠绕对手，从而大幅降低对手的速度。,1,81,String Shot,いとをはく,吐丝,40,—,虫
667968c33d53642023bdb598,100,特殊,将愤怒的冲击波撞向对手进行攻击。必定会给予40的伤害。,1,82,Dragon Rage,りゅうのいかり,龙之怒,10,变化,龙
667968c33d53642023bdb599,85,特殊,将对手困在激烈的火焰旋涡中，在４～５回合内进行攻击。,1,83,Fire Spin,ほのおのうず,火焰旋涡,15,35,火
667968c33d53642023bdb59a,100,特殊,发出电流刺激对手进行攻击。有时会让对手陷入麻痹状态。,1,84,Thunder Shock,でんきショック,电击,30,40,电
667968c33d53642023bdb59b,100,特殊,向对手发出强力电击进行攻击。有时会让对手陷入麻痹状态。,1,85,Thunderbolt,１０まんボルト,十万伏特,15,90,电
667968c33d53642023bdb59c,90,变化,向对手发出微弱的电击，从而让对手陷入麻痹状态。,1,86,Thunder Wave,でんじは,电磁波,20,—,电
667968c33d53642023bdb59d,70,特殊,向对手劈下暴雷进行攻击。有时会让对手陷入麻痹状态。,1,87,Thunder,かみなり,打雷,10,110,电
667968c33d53642023bdb59e,90,物理,拿起小岩石，投掷对手进行攻击。,1,88,Rock Throw,いわおとし,落石,15,50,岩石
667968c33d53642023bdb59f,100,物理,利用地震的冲击，攻击自己周围所有的宝可梦。,1,89,Earthquake,じしん,地震,10,100,地面
667968c33d53642023bdb5a0,变化,物理,让对手掉落于地裂的裂缝中进行攻击。只要命中就会一击昏厥。,1,90,Fissure,じわれ,地裂,5,变化,地面
667968c33d53642023bdb5a1,100,物理,第１回合钻入地底，第２回合攻击对手。,1,91,Dig,あなをほる,挖洞,10,80,地面
667968c33d53642023bdb5a2,90,变化,让对手陷入剧毒状态。随着回合的推进，中毒伤害会增加。,1,92,Toxic,どくどく,剧毒,10,—,毒
667968c33d53642023bdb5a3,100,特殊,向对手发送微弱的念力进行攻击。有时会使对手混乱。,1,93,Confusion,ねんりき,念力,25,50,超能力
667968c33d53642023bdb5a4,100,特殊,向对手发送强大的念力进行攻击。有时会降低对手的特防。,1,94,Psychic,サイコキネシス,精神强念,10,90,超能力
667968c33d53642023bdb5a5,60,变化,施以诱导睡意的暗示，让对手陷入睡眠状态。,1,95,Hypnosis,さいみんじゅつ,催眠术,20,—,超能力
667968c33d53642023bdb5a6,—,变化,唤醒身体深处沉睡的力量，从而提高自己的攻击。,1,96,Meditate,ヨガのポーズ,瑜伽姿势,40,—,超能力
667968c33d53642023bdb5a7,—,变化,让身体放松变得轻盈，以便高速移动。大幅提高自己的速度。,1,97,Agility,こうそくいどう,高速移动,30,—,超能力
667968c33d53642023bdb5a8,100,物理,以迅雷不及掩耳之势扑向对手。必定能够先制攻击。,1,98,Quick Attack,でんこうせっか,电光一闪,30,40,一般
667968c33d53642023bdb5a9,100,物理,如果在使出招式后受到攻击的话，会因愤怒的力量而提高攻击。,1,99,Rage,いかり,愤怒,20,20,一般
667968c33d53642023bdb5aa,—,变化,当有后备宝可梦时使用，就可以进行替换。野生的宝可梦使用则会逃走。,1,100,Teleport,テレポート,瞬间移动,20,—,超能力
667968c33d53642023bdb5ab,100,特殊,显示恐怖幻影，只给予对手和自己等级相同的伤害。,1,101,Night Shade,ナイトヘッド,黑夜魔影,15,变化,幽灵
667968c33d53642023bdb5ac,—,变化,可以将对手最后使用的招式，在战斗内变成自己的招式。,1,102,Mimic,ものまね,模仿,10,—,一般
667968c33d53642023bdb5ad,85,变化,发出不由自主想要捂起耳朵的刺耳声，从而大幅降低对手的防御。,1,103,Screech,いやなおと,刺耳声,40,—,一般
667968c33d53642023bdb5ae,—,变化,通过快速移动来制造分身，扰乱对手，从而提高闪避率。,1,104,Double Team,かげぶんしん,影子分身,15,—,一般
667968c33d53642023bdb5af,—,变化,让细胞再生，从而回复自己最大ＨＰ的一半。,1,105,Recover,じこさいせい,自我再生,5,—,一般
667968c33d53642023bdb5b0,—,变化,全身使劲，让身体变硬，从而提高自己的防御。,1,106,Harden,かたくなる,变硬,30,—,一般
667968c33d53642023bdb5b1,—,变化,蜷缩身体显得很小，从而大幅提高自己的闪避率。,1,107,Minimize,ちいさくなる,变小,10,—,一般
667968c33d53642023bdb5b2,100,变化,向对手喷出烟或墨汁等，从而降低对手的命中率。,1,108,Smokescreen,えんまく,烟幕,20,—,一般
667968c33d53642023bdb5b3,100,变化,显示奇怪的光，扰乱对手。使对手混乱。,1,109,Confuse Ray,あやしいひかり,奇异之光,10,—,幽灵
667968c33d53642023bdb5b4,—,变化,缩入壳里保护身体，从而提高自己的防御。,1,110,Withdraw,からにこもる,缩入壳中,40,—,水
667968c33d53642023bdb5b5,—,变化,将身体蜷曲变圆，从而提高自己的防御。,1,111,Defense Curl,まるくなる,变圆,40,—,一般
667968c33d53642023bdb5b6,—,变化,制造坚固的壁障，从而大幅提高自己的防御。,1,112,Barrier,バリアー,屏障,20,—,超能力
667968c33d53642023bdb5b7,—,变化,利用神奇的墙壁，在５回合内减弱从对手那里受到的特殊攻击的伤害。,1,113,Light Screen,ひかりのかべ,光墙,30,—,超能力
667968c33d53642023bdb5b8,—,变化,升起黑雾，将正在场上战斗的全体宝可梦的能力变回原点。,1,114,Haze,くろいきり,黑雾,30,—,冰
667968c33d53642023bdb5b9,—,变化,利用神奇的墙壁，在５回合内减弱从对手那里受到的物理攻击的伤害。,1,115,Reflect,リフレクター,反射壁,20,—,超能力
667968c33d53642023bdb5ba,—,变化,深深地吸口气，集中精神。自己的攻击会变得容易击中要害。,1,116,Focus Energy,きあいだめ,聚气,30,—,一般
667968c33d53642023bdb5bb,—,物理,在２回合内忍受攻击，受到的伤害会２倍返还给对手。,1,117,Bide,がまん,忍耐,10,变化,一般
667968c33d53642023bdb5bc,—,变化,挥动手指刺激自己的大脑，从许多的招式中随机使出１个。,1,118,Metronome,ゆびをふる,挥指,10,—,一般
667968c33d53642023bdb5bd,—,变化,模仿对手使用的招式，自己也使用相同招式。,1,119,Mirror Move,オウムがえし,鹦鹉学舌,20,—,飞行
667968c33d53642023bdb5be,100,物理,引发爆炸，攻击自己周围所有的宝可梦。使用后陷入昏厥。,1,120,Self-Destruct,じばく,玉石俱碎,5,200,一般
667968c33d53642023bdb5bf,75,物理,向对手用力投掷大大的蛋进行攻击。,1,121,Egg Bomb,タマゴばくだん,炸蛋,10,100,一般
667968c33d53642023bdb5c0,100,物理,用长长的舌头，舔遍对手进行攻击。有时会让对手陷入麻痹状态。,1,122,Lick,したでなめる,舌舔,30,30,幽灵
667968c33d53642023bdb5c1,70,特殊,将肮脏的浓雾吹向对手进行攻击。有时会让对手陷入中毒状态。,1,123,Smog,スモッグ,浊雾,20,30,毒
667968c33d53642023bdb5c2,100,特殊,用污泥投掷对手进行攻击。有时会让对手陷入中毒状态。,1,124,Sludge,ヘドロこうげき,污泥攻击,20,65,毒
667968c33d53642023bdb5c3,85,物理,用手中的骨头殴打对手进行攻击。有时会使对手畏缩。,1,125,Bone Club,ホネこんぼう,骨棒,20,65,地面
667968c33d53642023bdb5c4,85,特殊,用大字形状的火焰烧尽对手。有时会让对手陷入灼伤状态。,1,126,Fire Blast,だいもんじ,大字爆炎,5,110,火
667968c33d53642023bdb5c5,100,物理,以惊人的气势扑向对手。有时会使对手畏缩。,1,127,Waterfall,たきのぼり,攀瀑,15,80,水
667968c33d53642023bdb5c6,85,物理,用非常坚固且厚实的贝壳，在４～５回合内夹住对手进行攻击。,1,128,Clamp,からではさむ,贝壳夹击,15,35,水
667968c33d53642023bdb5c7,—,特殊,发射星形的光攻击对手。攻击必定会命中。,1,129,Swift,スピードスター,高速星星,20,60,一般
667968c33d53642023bdb5c8,100,物理,第１回合把头缩进去，从而提高防御。第２回合攻击对手。,1,130,Skull Bash,ロケットずつき,火箭头锤,10,130,一般
667968c33d53642023bdb5c9,100,物理,向对手发射锐针进行攻击。连续攻击２～５次。,1,131,Spike Cannon,とげキャノン,尖刺加农炮,15,20,一般
667968c33d53642023bdb5ca,100,物理,用触手或青藤等缠绕进行攻击。有时会降低对手的速度。,1,132,Constrict,からみつく,缠绕,35,10,一般
667968c33d53642023bdb5cb,—,变化,将头脑清空，瞬间忘记某事，从而大幅提高自己的特防。,1,133,Amnesia,ドわすれ,瞬间失忆,20,—,超能力
667968c33d53642023bdb5cc,80,变化,折弯汤匙引开注意，从而降低对手的命中率。,1,134,Kinesis,スプーンまげ,折弯汤匙,15,—,超能力
667968c33d53642023bdb5cd,—,变化,回复自己最大ＨＰ的一半。,1,135,Soft-Boiled,タマゴうみ,生蛋,5,—,一般
667968c33d53642023bdb5ce,90,物理,跳起后用膝盖撞对手进行攻击。如果撞偏则自己会受到伤害。,1,136,High Jump Kick,とびひざげり,飞膝踢,10,130,格斗
667968c33d53642023bdb5cf,100,变化,用腹部的花纹使对手害怕，从而让其陷入麻痹状态。,1,137,Glare,へびにらみ,大蛇瞪眼,30,—,一般
667968c33d53642023bdb5d0,100,特殊,吃掉正在睡觉的对手的梦进行攻击。回复对手所受到伤害的一半ＨＰ。,1,138,Dream Eater,ゆめくい,食梦,15,100,超能力
667968c33d53642023bdb5d1,90,变化,将毒瓦斯吹到对手的脸上，从而让对手陷入中毒状态。,1,139,Poison Gas,どくガス,毒瓦斯,40,—,毒
667968c33d53642023bdb5d2,85,物理,向对手投掷圆形物体进行攻击。连续攻击２～５次。,1,140,Barrage,たまなげ,投球,20,15,一般
667968c33d53642023bdb5d3,100,物理,吸取血液攻击对手。可以回复给予对手伤害的一半ＨＰ。,1,141,Leech Life,きゅうけつ,吸血,10,80,虫
667968c33d53642023bdb5d4,75,变化,用恐怖的脸强吻对手。让对手陷入睡眠状态。,1,142,Lovely Kiss,あくまのキッス,恶魔之吻,10,—,一般
667968c33d53642023bdb5d5,90,物理,第２回合攻击对手。偶尔使对手畏缩。也容易击中要害。,1,143,Sky Attack,ゴッドバード,神鸟猛击,5,140,飞行
667968c33d53642023bdb5d6,—,变化,变身成对手宝可梦的样子，能够使用和对手完全相同的招式。,1,144,Transform,へんしん,变身,10,—,一般
667968c33d53642023bdb5d7,100,特殊,向对手用力吹起无数泡泡进行攻击。有时会降低对手的速度。,1,145,Bubble,あわ,泡沫,30,40,水
667968c33d53642023bdb5d8,100,物理,有节奏地出拳攻击对手。有时会使对手混乱。,1,146,Dizzy Punch,ピヨピヨパンチ,迷昏拳,10,70,一般
667968c33d53642023bdb5d9,100,变化,沙沙沙地撒满具有催眠效果的孢子，从而让对手陷入睡眠状态。,1,147,Spore,キノコのほうし,蘑菇孢子,15,—,草
667968c33d53642023bdb5da,100,变化,使出光芒，从而降低对手的命中率。也可在阴暗的洞窟里照亮四周。,1,148,Flash,フラッシュ,闪光,20,—,一般
667968c33d53642023bdb5db,100,特殊,向对手发射神奇的念波进行攻击。每次使用，伤害都会改变。,1,149,Psywave,サイコウェーブ,精神波,15,变化,超能力
667968c33d53642023bdb5dc,—,变化,也不攻击只是一蹦一蹦地跳，什么都不会发生……,1,150,Splash,はねる,跃起,40,—,一般
667968c33d53642023bdb5dd,—,变化,通过细胞的变化进行液化，从而大幅提高自己的防御。,1,151,Acid Armor,とける,溶化,20,—,毒
667968c33d53642023bdb5de,90,物理,用大钳子敲打对手进行攻击。容易击中要害。,1,152,Crabhammer,クラブハンマー,蟹钳锤,10,100,水
667968c33d53642023bdb5df,100,物理,引发大爆炸，攻击自己周围所有的宝可梦。使用后自己会陷入昏厥。,1,153,Explosion,だいばくはつ,大爆炸,5,250,一般
667968c33d53642023bdb5e0,80,物理,用爪子或镰刀等抓对手进行攻击。连续攻击２～５次。,1,154,Fury Swipes,みだれひっかき,乱抓,15,18,一般
667968c33d53642023bdb5e1,90,物理,用手中的骨头投掷对手，来回连续２次给予伤害。,1,155,Bonemerang,ホネブーメラン,骨头回力镖,10,50,地面
667968c33d53642023bdb5e2,—,变化,连续睡上２回合。回复自己的全部ＨＰ以及治愈所有异常状态。,1,156,Rest,ねむる,睡觉,5,—,超能力
667968c33d53642023bdb5e3,90,物理,将大岩石猛烈地撞向对手进行攻击。有时会使对手畏缩。,1,157,Rock Slide,いわなだれ,岩崩,10,75,岩石
667968c33d53642023bdb5e4,90,物理,用锋利的门牙牢牢地咬住对手进行攻击。有时会使对手畏缩。,1,158,Hyper Fang,ひっさつまえば,终结门牙,15,80,一般
667968c33d53642023bdb5e5,—,变化,增加身体的角，变得棱棱角角，从而提高自己的攻击。,1,159,Sharpen,かくばる,棱角化,30,—,一般
667968c33d53642023bdb5e6,—,变化,将自己的属性转换成和已学会的招式中第一个招式相同的属性。,1,160,Conversion,テクスチャー,纹理,30,—,一般
667968c33d53642023bdb5e7,100,特殊,用３种光线进行攻击。有时会让对手陷入麻痹、灼伤或冰冻的状态。,1,161,Tri Attack,トライアタック,三重攻击,10,80,一般
667968c33d53642023bdb5e8,90,物理,用锋利的门牙猛烈地咬住对手进行攻击。对手的ＨＰ减半。,1,162,Super Fang,いかりのまえば,愤怒门牙,10,变化,一般
667968c33d53642023bdb5e9,100,物理,用爪子或镰刀等劈开对手进行攻击。容易击中要害。,1,163,Slash,きりさく,劈开,20,70,一般
667968c33d53642023bdb5ea,—,变化,削减少许自己的ＨＰ，制造分身。分身将成为自己的替身。,1,164,Substitute,みがわり,替身,10,—,一般
667968c33d53642023bdb5eb,—,物理,当自己的ＰＰ耗尽时，努力挣扎攻击对手。自己也会受到少许伤害。,1,165,Struggle,わるあがき,挣扎,—,50,一般
667968c33d53642023bdb5ec,—,变化,将对手使用的招式变成自己的招式。使用１次后写生消失。,2,166,Sketch,スケッチ,写生,1,—,一般
667968c33d53642023bdb5ed,90,物理,连续３次踢对手进行攻击。每踢中一次，威力就会提高。,2,167,Triple Kick,トリプルキック,三连踢,10,10,格斗
667968c33d53642023bdb5ee,100,物理,攻击的同时盗取道具。当自己携带道具时，不会去盗取。,2,168,Thief,どろぼう,小偷,25,60,恶
667968c33d53642023bdb5ef,—,变化,将黏糊糊的细丝一层一层缠住对手，使其不能从战斗中逃走。,2,169,Spider Web,クモのす,蛛网,10,—,虫
667968c33d53642023bdb5f0,—,变化,用心感受对手的行动，下次攻击必定会击中对手。,2,170,Mind Reader,こころのめ,心之眼,5,—,一般
667968c33d53642023bdb5f1,100,变化,让在睡眠状态下的对手做恶梦，每回合会缓缓减少HP。,2,171,Nightmare,あくむ,恶梦,15,—,幽灵
667968c33d53642023bdb5f2,100,物理,让火焰覆盖全身，猛撞向对手进行攻击。有时会让对手陷入灼伤状态。,2,172,Flame Wheel,かえんぐるま,火焰轮,25,60,火
667968c33d53642023bdb5f3,100,特殊,在自己睡觉时，发出噪音进行攻击。有时会使对手畏缩。,2,173,Snore,いびき,打鼾,15,50,一般
667968c33d53642023bdb5f4,—,变化,使用该招式的宝可梦，其属性是幽灵属性或其他属性时，效果会不一样。,2,174,Curse,のろい,诅咒,10,—,幽灵
667968c33d53642023bdb5f5,100,物理,抓狂般乱打进行攻击。自己的ＨＰ越少，招式的威力越大。,2,175,Flail,じたばた,抓狂,15,变化,一般
667968c33d53642023bdb5f6,—,变化,为了可以抵抗对手最后使用的招式，从而使自己的属性发生变化。,2,176,Conversion 2,テクスチャー２,纹理２,30,—,一般
667968c33d53642023bdb5f7,95,特殊,发射空气旋涡进行攻击。容易击中要害。,2,177,Aeroblast,エアロブラスト,气旋攻击,5,100,飞行
667968c33d53642023bdb5f8,100,变化,将棉花般柔软的孢子紧贴对手，从而大幅降低对手的速度。,2,178,Cotton Spore,わたほうし,棉孢子,40,—,草
667968c33d53642023bdb5f9,100,物理,竭尽全力进行攻击。自己的ＨＰ越少，招式的威力越大。,2,179,Reversal,きしかいせい,绝处逢生,15,变化,格斗
667968c33d53642023bdb5fa,100,变化,对对手最后使用的招式怀有怨恨，减少４ＰＰ该招式。,2,180,Spite,うらみ,怨恨,10,—,幽灵
667968c33d53642023bdb5fb,100,特殊,将冰冷的细雪吹向对手进行攻击。有时会让对手陷入冰冻状态。,2,181,Powder Snow,こなゆき,细雪,25,40,冰
667968c33d53642023bdb5fc,—,变化,完全抵挡对手的攻击。连续使出则容易失败。,2,182,Protect,まもる,守住,10,—,一般
667968c33d53642023bdb5fd,100,物理,以迅雷不及掩耳之势出拳。必定能够先制攻击。,2,183,Mach Punch,マッハパンチ,音速拳,30,40,格斗
667968c33d53642023bdb5fe,100,变化,用恐怖的表情瞪着对手，使其害怕，从而大幅降低对手的速度。,2,184,Scary Face,こわいかお,可怕面孔,10,—,一般
667968c33d53642023bdb5ff,—,物理,悄悄地靠近对手，趁其不备进行殴打。攻击必定会命中。,2,185,Feint Attack,だましうち,出奇一击,20,60,恶
667968c33d53642023bdb600,75,变化,像天使般可爱地亲吻对手，从而使对手混乱。,2,186,Sweet Kiss,てんしのキッス,天使之吻,10,—,妖精
667968c33d53642023bdb601,—,变化,将自己的ＨＰ减少到最大ＨＰ的一半，从而最大限度提高自己的攻击。,2,187,Belly Drum,はらだいこ,腹鼓,10,—,一般
667968c33d53642023bdb602,100,特殊,用污泥投掷对手进行攻击。有时会让对手陷入中毒状态。,2,188,Sludge Bomb,ヘドロばくだん,污泥炸弹,10,90,毒
667968c33d53642023bdb603,100,特殊,向对手的脸等投掷泥块进行攻击。会降低对手的命中率。,2,189,Mud-Slap,どろかけ,掷泥,10,20,地面
667968c33d53642023bdb604,85,特殊,向对手的脸等喷出墨汁进行攻击。有时会降低对手的命中率。,2,190,Octazooka,オクタンほう,章鱼桶炮,10,65,水
667968c33d53642023bdb605,—,变化,在对手的脚下扔撒菱。对替换出场的对手的宝可梦给予伤害。,2,191,Spikes,まきびし,撒菱,20,—,地面
667968c33d53642023bdb606,50,特殊,发射大炮一样的电流进行攻击。让对手陷入麻痹状态。,2,192,Zap Cannon,でんじほう,电磁炮,5,120,电
667968c33d53642023bdb607,—,变化,使出后对幽灵属性宝可梦没有效果的招式以及闪避率高的对手，变得能够打中。,2,193,Foresight,みやぶる,识破,40,—,一般
667968c33d53642023bdb608,—,变化,使出招式后，当受到对手攻击陷入昏厥时，对手也会一同昏厥。连续使出则会失败。,2,194,Destiny Bond,みちづれ,同命,5,—,幽灵
667968c33d53642023bdb609,—,变化,倾听歌声的宝可梦经过３回合陷入昏厥。替换后效果消失。,2,195,Perish Song,ほろびのうた,终焉之歌,5,—,一般
667968c33d53642023bdb60a,95,特殊,将结冰的冷气吹向对手进行攻击。会降低对手的速度。,2,196,Icy Wind,こごえるかぜ,冰冻之风,15,55,冰
667968c33d53642023bdb60b,—,变化,完全抵挡对手的攻击。连续使出则容易失败。,2,197,Detect,みきり,看穿,5,—,格斗
667968c33d53642023bdb60c,90,物理,用坚硬的骨头殴打对手进行攻击。连续攻击２～５次。,2,198,Bone Rush,ボーンラッシュ,骨棒乱打,10,25,地面
667968c33d53642023bdb60d,—,变化,紧紧瞄准对手，下次攻击必定会打中。,2,199,Lock-On,ロックオン,锁定,5,—,一般
667968c33d53642023bdb60e,100,物理,在２～３回合内，乱打一气地进行攻击。大闹一番后自己会陷入混乱。,2,200,Outrage,げきりん,逆鳞,10,120,龙
667968c33d53642023bdb60f,—,变化,在５回合内扬起沙暴，除岩石、地面和钢属性以外的宝可梦，都会受到伤害。岩石属性的特防还会提高。,2,201,Sandstorm,すなあらし,沙暴,10,—,岩石
667968c33d53642023bdb610,100,特殊,吸取对手的养分进行攻击。可以回复给予对手伤害的一半ＨＰ。,2,202,Giga Drain,ギガドレイン,终极吸取,10,75,草
667968c33d53642023bdb611,—,变化,即使受到攻击，也至少会留下１ＨＰ。连续使出则容易失败。,2,203,Endure,こらえる,挺住,10,—,一般
667968c33d53642023bdb612,100,变化,可爱地凝视，诱使对手疏忽大意，从而大幅降低对手的攻击。,2,204,Charm,あまえる,撒娇,20,—,妖精
667968c33d53642023bdb613,90,物理,在５回合内连续滚动攻击对手。招式每次击中，威力就会提高。,2,205,Rollout,ころがる,滚动,20,30,岩石
667968c33d53642023bdb614,100,物理,对手的ＨＰ至少会留下１ＨＰ，如此般手下留情地攻击。,2,206,False Swipe,みねうち,点到为止,40,40,一般
667968c33d53642023bdb615,85,变化,激怒对手，使其混乱。因为愤怒，对手的攻击会大幅提高。,2,207,Swagger,いばる,虚张声势,15,—,一般
667968c33d53642023bdb616,—,变化,回复自己最大ＨＰ的一半。,2,208,Milk Drink,ミルクのみ,喝牛奶,5,—,一般
667968c33d53642023bdb617,100,物理,让电流覆盖全身，猛撞向对手进行攻击。有时会让对手陷入麻痹状态。,2,209,Spark,スパーク,电光,20,65,电
667968c33d53642023bdb618,95,物理,用镰刀或爪子等切斩对手进行攻击。连续击中，威力就会提高。,2,210,Fury Cutter,れんぞくぎり,连斩,20,40,虫
667968c33d53642023bdb619,90,物理,用坚硬的翅膀敲打对手进行攻击。有时会提高自己的防御。,2,211,Steel Wing,はがねのつばさ,钢翼,25,70,钢
667968c33d53642023bdb61a,—,变化,用好似要勾人心魂的黑色目光一动不动地凝视对手，使其不能从战斗中逃走。,2,212,Mean Look,くろいまなざし,黑色目光,5,—,一般
667968c33d53642023bdb61b,100,变化,♂诱惑♀或♀诱惑♂，让对手着迷。对手将很难使出招式。,2,213,Attract,メロメロ,迷人,15,—,一般
667968c33d53642023bdb61c,—,变化,从自己已学会的招式中任意使出１个。只能在自己睡觉时使用。,2,214,Sleep Talk,ねごと,梦话,10,—,一般
667968c33d53642023bdb61d,—,变化,让同伴听舒适的铃音，从而治愈我方全员的异常状态。,2,215,Heal Bell,いやしのすず,治愈铃声,5,—,一般
667968c33d53642023bdb61e,100,物理,为了训练家而全力攻击对手。亲密度越高，威力越大。,2,216,Return,おんがえし,报恩,20,变化,一般
667968c33d53642023bdb61f,90,物理,递给对手设有圈套的盒子进行攻击。也有可能回复对手ＨＰ。,2,217,Present,プレゼント,礼物,15,变化,一般
667968c33d53642023bdb620,100,物理,为了发泄不满而全力攻击对手。亲密度越低，威力越大。,2,218,Frustration,やつあたり,迁怒,20,变化,一般
667968c33d53642023bdb621,—,变化,在５回合内被神奇的力量守护，从而不会陷入异常状态。,2,219,Safeguard,しんぴのまもり,神秘守护,25,—,一般
667968c33d53642023bdb622,—,变化,将自己的ＨＰ和对手的ＨＰ相加，然后自己和对手友好地平分。,2,220,Pain Split,いたみわけ,分担痛楚,20,—,一般
667968c33d53642023bdb623,95,物理,用神秘的火焰烧尽对手进行攻击。有时会让对手陷入灼伤状态。,2,221,Sacred Fire,せいなるほのお,神圣之火,5,100,火
667968c33d53642023bdb624,100,物理,晃动地面，攻击自己周围所有的宝可梦。招式的威力会有各种变化。,2,222,Magnitude,マグニチュード,震级,30,变化,地面
667968c33d53642023bdb625,50,物理,使出浑身力气出拳进行攻击。必定会使对手混乱。,2,223,Dynamic Punch,ばくれつパンチ,爆裂拳,5,100,格斗
667968c33d53642023bdb626,85,物理,用坚硬且华丽的角狠狠地刺入对手进行攻击。,2,224,Megahorn,メガホーン,超级角击,10,120,虫
667968c33d53642023bdb627,100,特殊,将强烈的气息吹向对手进行攻击。有时会让对手陷入麻痹状态。,2,225,Dragon Breath,りゅうのいぶき,龙息,20,60,龙
667968c33d53642023bdb628,—,变化,和后备宝可梦进行替换。换上的宝可梦能直接继承其能力的变化。,2,226,Baton Pass,バトンタッチ,接棒,40,—,一般
667968c33d53642023bdb629,100,变化,让对手接受再来一次，连续３次使出最后使用的招式。,2,227,Encore,アンコール,再来一次,5,—,一般
667968c33d53642023bdb62a,100,物理,当对手替换宝可梦上场时使出此招式的话，能够以２倍的威力进行攻击。,2,228,Pursuit,おいうち,追打,20,40,恶
667968c33d53642023bdb62b,100,物理,通过旋转来攻击对手。可以摆脱绑紧、紧束、寄生种子等招式。还能提高自己的速度。,2,229,Rapid Spin,こうそくスピン,高速旋转,40,50,一般
667968c33d53642023bdb62c,100,变化,用香气大幅降低对手的闪避率。,2,230,Sweet Scent,あまいかおり,甜甜香气,20,—,一般
667968c33d53642023bdb62d,75,物理,使用坚硬的尾巴摔打对手进行攻击。有时会降低对手的防御。,2,231,Iron Tail,アイアンテール,铁尾,15,100,钢
667968c33d53642023bdb62e,95,物理,用钢铁之爪劈开对手进行攻击。有时会提高自己的攻击。,2,232,Metal Claw,メタルクロー,金属爪,35,50,钢
667968c33d53642023bdb62f,—,物理,会在对手之后进行攻击。但是自己的攻击必定会命中。,2,233,Vital Throw,あてみなげ,借力摔,10,70,格斗
667968c33d53642023bdb630,—,变化,回复自己的ＨＰ。根据天气的不同，回复量也会有所变化。,2,234,Morning Sun,あさのひざし,晨光,5,—,一般
667968c33d53642023bdb631,—,变化,回复自己的ＨＰ。根据天气的不同，回复量也会有所变化。,2,235,Synthesis,こうごうせい,光合作用,5,—,草
667968c33d53642023bdb632,—,变化,回复自己的ＨＰ。根据天气的不同，回复量也会有所变化。,2,236,Moonlight,つきのひかり,月光,5,—,妖精
667968c33d53642023bdb633,100,特殊,招式的属性会随着使用此招式的宝可梦而改变。,2,237,Hidden Power,めざめるパワー,觉醒力量,15,60,一般
667968c33d53642023bdb634,80,物理,用两手呈十字劈打对手进行攻击。容易击中要害。,2,238,Cross Chop,クロスチョップ,十字劈,5,100,格斗
667968c33d53642023bdb635,100,特殊,兴起龙卷风，将对手卷入进行攻击。有时会使对手畏缩。,2,239,Twister,たつまき,龙卷风,20,40,龙
667968c33d53642023bdb636,—,变化,在５回合内一直降雨，从而提高水属性的招式威力。火属性的招式威力则降低。,2,240,Rain Dance,あまごい,求雨,5,—,水
667968c33d53642023bdb637,—,变化,在５回合内让日照变得强烈，从而提高火属性的招式威力。水属性的招式威力则降低。,2,241,Sunny Day,にほんばれ,大晴天,5,—,火
667968c33d53642023bdb638,100,物理,用利牙咬碎对手进行攻击。有时会降低对手的防御。,2,242,Crunch,かみくだく,咬碎,15,80,恶
667968c33d53642023bdb639,100,特殊,从对手那里受到特殊攻击的伤害将以２倍返还给同一个对手。,2,243,Mirror Coat,ミラーコート,镜面反射,20,变化,超能力
667968c33d53642023bdb63a,—,变化,向自己施以自我暗示，将能力变化的状态变得和对手一样。,2,244,Psych Up,じこあんじ,自我暗示,10,—,一般
667968c33d53642023bdb63b,100,物理,以迅雷不及掩耳之势猛撞向对手进行攻击。必定能够先制攻击。,2,245,Extreme Speed,しんそく,神速,5,80,一般
667968c33d53642023bdb63c,100,特殊,用原始之力进行攻击。有时会提高自己所有的能力。,2,246,Ancient Power,げんしのちから,原始之力,5,60,岩石
667968c33d53642023bdb63d,100,特殊,投掷一团黑影进行攻击。有时会降低对手的特防。,2,247,Shadow Ball,シャドーボール,暗影球,15,80,幽灵
667968c33d53642023bdb63e,100,特殊,在使用招式２回合后，向对手发送一团念力进行攻击。,2,248,Future Sight,みらいよち,预知未来,10,120,超能力
667968c33d53642023bdb63f,100,物理,用拳头进行攻击。有时会降低对手的防御。,2,249,Rock Smash,いわくだき,碎岩,15,40,格斗
667968c33d53642023bdb640,85,特殊,将对手困在激烈的水流旋涡中，在４～５回合内进行攻击。,2,250,Whirlpool,うずしお,潮旋,15,35,水
667968c33d53642023bdb641,100,物理,我方全员进行攻击。同行的宝可梦越多，招式的攻击次数越多。,2,251,Beat Up,ふくろだたき,围攻,10,变化,恶
667968c33d53642023bdb642,100,物理,进行先制攻击，使对手畏缩。要在出场后立刻使出才能成功。,3,252,Fake Out,ねこだまし,击掌奇袭,10,40,一般
667968c33d53642023bdb643,100,特殊,在３回合内大吵大闹攻击对手。在此期间谁都不能入眠。,3,253,Uproar,さわぐ,吵闹,10,90,一般
667968c33d53642023bdb644,—,变化,积蓄力量，提高自己的防御和特防。最多积蓄３次。,3,254,Stockpile,たくわえる,蓄力,20,—,一般
667968c33d53642023bdb645,100,特殊,将积蓄的力量撞向对手进行攻击。积蓄得越多，威力越大。,3,255,Spit Up,はきだす,喷出,10,变化,一般
667968c33d53642023bdb646,—,变化,将积蓄的力量吞下，从而回复自己的ＨＰ。积蓄得越多，回复越大。,3,256,Swallow,のみこむ,吞下,10,—,一般
667968c33d53642023bdb647,90,特殊,将炎热的气息吹向对手进行攻击。有时会让对手陷入灼伤状态。,3,257,Heat Wave,ねっぷう,热风,10,95,火
667968c33d53642023bdb648,—,变化,在５回合内一直降冰雹，除冰属性的宝可梦以外，给予全体宝可梦伤害。,3,258,Hail,あられ,冰雹,10,—,冰
667968c33d53642023bdb649,100,变化,向对手无理取闹，令其不能连续２次使出相同招式。,3,259,Torment,いちゃもん,无理取闹,15,—,恶
667968c33d53642023bdb64a,100,变化,吹捧对手，使其混乱。同时还会提高对手的特攻。,3,260,Flatter,おだてる,吹捧,15,—,恶
667968c33d53642023bdb64b,85,变化,放出怪异的火焰，从而让对手陷入灼伤状态。,3,261,Will-O-Wisp,おにび,磷火,15,—,火
667968c33d53642023bdb64c,100,变化,虽然会使自己陷入昏厥，但是能够大幅降低对手的攻击和特攻。,3,262,Memento,おきみやげ,临别礼物,10,—,恶
667968c33d53642023bdb64d,100,物理,当自己处于中毒、麻痹、灼伤状态时，向对手使出此招式的话，威力会变成２倍。,3,263,Facade,からげんき,硬撑,20,70,一般
667968c33d53642023bdb64e,100,物理,集中精神出拳。在招式使出前若受到攻击则会失败。,3,264,Focus Punch,きあいパンチ,真气拳,20,150,格斗
667968c33d53642023bdb64f,100,物理,对于麻痹状态下的对手，威力会变成２倍。但相反对手的麻痹也会被治愈。,3,265,Smelling Salts,きつけ,清醒,10,70,一般
667968c33d53642023bdb650,—,变化,引起对手的注意，将对手的攻击全部转移到自己身上。,3,266,Follow Me,このゆびとまれ,看我嘛,20,—,一般
667968c33d53642023bdb651,—,变化,用自然之力进行攻击。根据所使用场所的不同，使出的招式也会有所变化。,3,267,Nature Power,しぜんのちから,自然之力,20,—,一般
667968c33d53642023bdb652,—,变化,变为充电状态，提高下次使出的电属性的招式威力。自己的特防也会提高。,3,268,Charge,じゅうでん,充电,20,—,电
667968c33d53642023bdb653,100,变化,使对手愤怒。在３回合内让对手只能使出给予伤害的招式。,3,269,Taunt,ちょうはつ,挑衅,20,—,恶
667968c33d53642023bdb654,—,变化,帮助伙伴。被帮助的宝可梦，其招式威力变得比平时大。,3,270,Helping Hand,てだすけ,帮助,20,—,一般
667968c33d53642023bdb655,100,变化,抓住对手的空隙，交换自己和对手的持有物。,3,271,Trick,トリック,戏法,10,—,超能力
667968c33d53642023bdb656,—,变化,扮演对手，让自己的特性变得和对手相同。,3,272,Role Play,なりきり,扮演,10,—,超能力
667968c33d53642023bdb657,—,变化,在下一回合回复自己或是替换出场的宝可梦最大ＨＰ的一半。,3,273,Wish,ねがいごと,祈愿,10,—,一般
667968c33d53642023bdb658,—,变化,向同伴紧急求助，从我方宝可梦已学会的招式中随机使用１个。,3,274,Assist,ねこのて,借助,20,—,一般
667968c33d53642023bdb659,—,变化,在大地上扎根，每回合回复自己的ＨＰ。因为扎根了，所以不能替换宝可梦。,3,275,Ingrain,ねをはる,扎根,20,—,草
667968c33d53642023bdb65a,100,物理,发挥惊人的力量攻击对手。自己的攻击和防御会降低。,3,276,Superpower,ばかぢから,蛮力,5,120,格斗
667968c33d53642023bdb65b,—,变化,当对手使出会变成异常状态的招式或寄生种子等时，会将对手的招式反射回去。,3,277,Magic Coat,マジックコート,魔法反射,15,—,超能力
667968c33d53642023bdb65c,—,变化,使战斗中已经消耗掉的自己的持有物再生，并可以再次使用。,3,278,Recycle,リサイクル,回收利用,10,—,一般
667968c33d53642023bdb65d,100,物理,如果受到对手的招式攻击，就能给予对手２倍的伤害。,3,279,Revenge,リベンジ,报复,10,60,格斗
667968c33d53642023bdb65e,100,物理,将手刀猛烈地挥下攻击对手。还可以破坏光墙和反射壁等。,3,280,Brick Break,かわらわり,劈瓦,15,75,格斗
667968c33d53642023bdb65f,—,变化,打个大哈欠引起睡意。在下一回合让对手陷入睡眠状态。,3,281,Yawn,あくび,哈欠,10,—,一般
667968c33d53642023bdb660,100,物理,拍落对手的持有物，直到战斗结束都不能使用。对手携带道具时会增加伤害。,3,282,Knock Off,はたきおとす,拍落,20,65,恶
667968c33d53642023bdb661,100,物理,给予伤害，使对手的ＨＰ变得和自己的ＨＰ一样。,3,283,Endeavor,がむしゃら,蛮干,5,变化,一般
667968c33d53642023bdb662,100,特殊,爆发怒火攻击对手。自己的ＨＰ越少，招式的威力越小。,3,284,Eruption,ふんか,喷火,5,150,火
667968c33d53642023bdb663,—,变化,利用超能力互换自己和对手的特性。,3,285,Skill Swap,スキルスワップ,特性互换,10,—,超能力
667968c33d53642023bdb664,—,变化,如果对手有和自己相同的招式，那么只有对手无法使用该招式。,3,286,Imprison,ふういん,封印,10,—,超能力
667968c33d53642023bdb665,—,变化,让身体休息，治愈自己身上所中的毒、麻痹、灼伤的异常状态。,3,287,Refresh,リフレッシュ,焕然一新,20,—,一般
667968c33d53642023bdb666,—,变化,因对手的招式而陷入昏厥时给对手施加怨念，让该招式的ＰＰ变成０。,3,288,Grudge,おんねん,怨念,5,—,幽灵
667968c33d53642023bdb667,—,变化,将对手打算使用的回复招式或能力变化招式夺为己用。,3,289,Snatch,よこどり,抢夺,10,—,恶
667968c33d53642023bdb668,100,物理,根据使用场所不同，该招式的追加效果也会有所变化。,3,290,Secret Power,ひみつのちから,秘密之力,20,70,一般
667968c33d53642023bdb669,100,物理,第１回合潜入水中，第２回合浮上来进行攻击。,3,291,Dive,ダイビング,潜水,10,80,水
667968c33d53642023bdb66a,100,物理,用张开着的双手猛推对手进行攻击。连续攻击２～５次。,3,292,Arm Thrust,つっぱり,猛推,20,15,格斗
667968c33d53642023bdb66b,—,变化,根据所在场所不同，如水边、草丛和洞窟等，可以改变自己的属性。,3,293,Camouflage,ほごしょく,保护色,20,—,一般
667968c33d53642023bdb66c,—,变化,凝视闪烁的光芒，集中自己的精神，从而巨幅提高特攻。,3,294,Tail Glow,ほたるび,萤火,20,—,虫
667968c33d53642023bdb66d,100,特殊,释放耀眼的光芒进行攻击。有时会降低对手的特防。,3,295,Luster Purge,ラスターパージ,洁净光芒,5,95,超能力
667968c33d53642023bdb66e,100,特殊,用围绕着雾状羽毛的球进行攻击。有时会降低对手的特攻。,3,296,Mist Ball,ミストボール,薄雾球,5,95,超能力
667968c33d53642023bdb66f,100,变化,撒出羽毛，笼罩在对手的周围。大幅降低对手的攻击。,3,297,Feather Dance,フェザーダンス,羽毛舞,15,—,飞行
667968c33d53642023bdb670,100,变化,摇摇晃晃地跳起舞蹈，让自己周围的宝可梦陷入混乱状态。,3,298,Teeter Dance,フラフラダンス,摇晃舞,20,—,一般
667968c33d53642023bdb671,90,物理,攻击对手后，有时会使其陷入灼伤状态。也容易击中要害。,3,299,Blaze Kick,ブレイズキック,火焰踢,10,85,火
667968c33d53642023bdb672,—,变化,一旦使用此招式，周围就会弄得到处是泥。在５回合内减弱电属性的招式。,3,300,Mud Sport,どろあそび,玩泥巴,15,—,地面
667968c33d53642023bdb673,90,物理,在５回合内攻击对手。招式每次击中，威力就会提高。,3,301,Ice Ball,アイスボール,冰球,20,30,冰
667968c33d53642023bdb674,100,物理,用带刺的手臂猛烈地挥舞进行攻击。有时会使对手畏缩。,3,302,Needle Arm,ニードルアーム,尖刺臂,15,60,草
667968c33d53642023bdb675,—,变化,偷懒休息。回复自己最大ＨＰ的一半。,3,303,Slack Off,なまける,偷懒,5,—,一般
667968c33d53642023bdb676,100,特殊,给予对手又吵又响的巨大震动进行攻击。,3,304,Hyper Voice,ハイパーボイス,巨声,10,90,一般
667968c33d53642023bdb677,100,物理,用有毒的牙齿咬住对手进行攻击。有时会使对手中剧毒。,3,305,Poison Fang,どくどくのキバ,剧毒牙,15,50,毒
667968c33d53642023bdb678,95,物理,用坚硬的锐爪劈开对手进行攻击。有时会降低对手的防御。,3,306,Crush Claw,ブレイククロー,撕裂爪,10,75,一般
667968c33d53642023bdb679,90,特殊,用爆炸的火焰烧尽对手进行攻击。下一回合自己将无法动弹。,3,307,Blast Burn,ブラストバーン,爆炸烈焰,5,150,火
667968c33d53642023bdb67a,90,特殊,向对手喷射水炮进行攻击。下一回合自己将无法动弹。,3,308,Hydro Cannon,ハイドロカノン,加农水炮,5,150,水
667968c33d53642023bdb67b,90,物理,使出彗星般的拳头攻击对手。有时会提高自己的攻击。,3,309,Meteor Mash,コメットパンチ,彗星拳,10,90,钢
667968c33d53642023bdb67c,100,物理,用尖叫声等突然惊吓对手进行攻击。有时会使对手畏缩。,3,310,Astonish,おどろかす,惊吓,15,30,幽灵
667968c33d53642023bdb67d,100,特殊,根据使用时的天气，招式属性和威力会改变。,3,311,Weather Ball,ウェザーボール,气象球,10,50,一般
667968c33d53642023bdb67e,—,变化,让同伴闻沁人心脾的香气，从而治愈我方全员的异常状态。,3,312,Aromatherapy,アロマセラピー,芳香治疗,5,—,草
667968c33d53642023bdb67f,100,变化,装哭流泪。使对手不知所措，从而大幅降低对手的特防。,3,313,Fake Tears,うそなき,假哭,20,—,恶
667968c33d53642023bdb680,95,特殊,用锐利的风切斩对手进行攻击。容易击中要害。,3,314,Air Cutter,エアカッター,空气利刃,25,60,飞行
667968c33d53642023bdb681,90,特殊,使出全部力量攻击对手。使用之后会因为反作用力，自己的特攻大幅降低。,3,315,Overheat,オーバーヒート,过热,5,130,火
667968c33d53642023bdb682,—,变化,使出后对幽灵属性宝可梦没有效果的招式以及闪避率高的对手，变得能够打中。,3,316,Odor Sleuth,かぎわける,气味侦测,40,—,一般
667968c33d53642023bdb683,95,物理,投掷岩石进行攻击。封住对手的行动，从而降低速度。,3,317,Rock Tomb,がんせきふうじ,岩石封锁,15,60,岩石
667968c33d53642023bdb684,100,特殊,在风中掺入鳞粉攻击对手。有时会提高自己的全部能力。,3,318,Silver Wind,ぎんいろのかぜ,银色旋风,5,60,虫
667968c33d53642023bdb685,85,变化,让对手听摩擦金属般讨厌的声音。大幅降低对手的特防。,3,319,Metal Sound,きんぞくおん,金属音,40,—,钢
667968c33d53642023bdb686,55,变化,让对手听舒适的笛声，从而陷入睡眠状态。,3,320,Grass Whistle,くさぶえ,草笛,15,—,草
667968c33d53642023bdb687,100,变化,给对手挠痒，使其发笑，从而降低对手的攻击和防御。,3,321,Tickle,くすぐる,挠痒,20,—,一般
667968c33d53642023bdb688,—,变化,汲取宇宙中神秘的力量，从而提高自己的防御和特防。,3,322,Cosmic Power,コスモパワー,宇宙力量,20,—,超能力
667968c33d53642023bdb689,100,特殊,掀起潮水进行攻击。自己的ＨＰ越少，招式的威力越小。,3,323,Water Spout,しおふき,喷水,5,150,水
667968c33d53642023bdb68a,100,特殊,发射神奇的光线进行攻击。有时会使对手混乱。,3,324,Signal Beam,シグナルビーム,信号光束,15,75,虫
667968c33d53642023bdb68b,—,物理,使出混影之拳。攻击必定会命中。,3,325,Shadow Punch,シャドーパンチ,暗影拳,20,60,幽灵
667968c33d53642023bdb68c,100,特殊,发出看不见的神奇力量进行攻击。有时会使对手畏缩。,3,326,Extrasensory,じんつうりき,神通力,20,80,超能力
667968c33d53642023bdb68d,90,物理,用冲向天空般高高的上勾拳顶起对手进行攻击。,3,327,Sky Uppercut,スカイアッパー,冲天拳,15,85,格斗
667968c33d53642023bdb68e,85,物理,将对手困在铺天盖地的沙暴中，在４～５回合内进行攻击。,3,328,Sand Tomb,すなじごく,流沙深渊,15,35,地面
667968c33d53642023bdb68f,变化,特殊,给对手一击昏厥。如果是冰属性以外的宝可梦使用，就会难以打中。,3,329,Sheer Cold,ぜったいれいど,绝对零度,5,变化,冰
667968c33d53642023bdb690,85,特殊,向对手喷射浑浊的水进行攻击。有时会降低对手的命中率。,3,330,Muddy Water,だくりゅう,浊流,10,90,水
667968c33d53642023bdb691,100,物理,向对手猛烈地发射种子进行攻击。连续攻击２～５次。,3,331,Bullet Seed,タネマシンガン,种子机关枪,30,25,草
667968c33d53642023bdb692,—,物理,以敏捷的动作戏弄对手后进行切斩。攻击必定会命中。,3,332,Aerial Ace,つばめがえし,燕返,20,60,飞行
667968c33d53642023bdb693,100,物理,向对手发射锋利的冰柱进行攻击。连续攻击２～５次。,3,333,Icicle Spear,つららばり,冰锥,30,25,冰
667968c33d53642023bdb694,—,变化,将皮肤变得坚硬如铁，从而大幅提高自己的防御。,3,334,Iron Defense,てっぺき,铁壁,15,—,钢
667968c33d53642023bdb695,—,变化,张开双手进行阻挡，封住对手的退路，使其不能逃走。,3,335,Block,とおせんぼう,挡路,5,—,一般
667968c33d53642023bdb696,—,变化,大声吼叫提高气势，从而提高自己和同伴的攻击。,3,336,Howl,とおぼえ,长嚎,40,—,一般
667968c33d53642023bdb697,100,物理,用尖锐的巨爪劈开对手进行攻击。,3,337,Dragon Claw,ドラゴンクロー,龙爪,15,80,龙
667968c33d53642023bdb698,90,特殊,用大树摔打对手进行攻击。下一回合自己将无法动弹。,3,338,Frenzy Plant,ハードプラント,疯狂植物,5,150,草
667968c33d53642023bdb699,—,变化,使出全身力气绷紧肌肉，从而提高自己的攻击和防御。,3,339,Bulk Up,ビルドアップ,健美,20,—,格斗
667968c33d53642023bdb69a,85,物理,弹跳到高高的空中，第２回合攻击对手。有时会让对手陷入麻痹状态。,3,340,Bounce,とびはねる,弹跳,5,85,飞行
667968c33d53642023bdb69b,95,特殊,向对手投掷泥块进行攻击。同时降低对手的速度。,3,341,Mud Shot,マッドショット,泥巴射击,15,55,地面
667968c33d53642023bdb69c,100,物理,用尾巴拍打。有时会让对手陷入中毒状态，也容易击中要害。,3,342,Poison Tail,ポイズンテール,毒尾,25,50,毒
667968c33d53642023bdb69d,100,物理,一边可爱地撒娇，一边靠近对手进行攻击，还能夺取对手携带的道具。,3,343,Covet,ほしがる,渴望,25,60,一般
667968c33d53642023bdb69e,100,物理,让电流覆盖全身猛撞向对手。自己也会受到不小的伤害。有时会让对手陷入麻痹状态。,3,344,Volt Tackle,ボルテッカー,伏特攻击,15,120,电
667968c33d53642023bdb69f,—,特殊,散落可以追踪对手的神奇叶片。攻击必定会命中。,3,345,Magical Leaf,マジカルリーフ,魔法叶,20,60,草
667968c33d53642023bdb6a0,—,变化,用水湿透周围。在５回合内减弱火属性的招式。,3,346,Water Sport,みずあそび,玩水,15,—,水
667968c33d53642023bdb6a1,—,变化,静心凝神，从而提高自己的特攻和特防。,3,347,Calm Mind,めいそう,冥想,20,—,超能力
667968c33d53642023bdb6a2,100,物理,像用剑一般操纵叶片切斩对手进行攻击。容易击中要害。,3,348,Leaf Blade,リーフブレード,叶刃,15,90,草
667968c33d53642023bdb6a3,—,变化,激烈地跳起神秘且强有力的舞蹈。从而提高自己的攻击和速度。,3,349,Dragon Dance,りゅうのまい,龙之舞,20,—,龙
667968c33d53642023bdb6a4,90,物理,向对手发射坚硬的岩石进行攻击。连续攻击２～５次。,3,350,Rock Blast,ロックブラスト,岩石爆击,10,25,岩石
667968c33d53642023bdb6a5,—,特殊,向对手快速发出电击。攻击必定会命中。,3,351,Shock Wave,でんげきは,电击波,20,60,电
667968c33d53642023bdb6a6,100,特殊,用水的震动攻击对手。有时会使对手混乱。,3,352,Water Pulse,みずのはどう,水之波动,20,60,水
667968c33d53642023bdb6a7,100,特殊,使用招式２回合后，会用无数道光束攻击对手。,3,353,Doom Desire,はめつのねがい,破灭之愿,5,140,钢
667968c33d53642023bdb6a8,90,特殊,使出全部力量攻击对手。使用之后会因为反作用力，自己的特攻大幅降低。,3,354,Psycho Boost,サイコブースト,精神突进,5,140,超能力
667968c33d53642023bdb6a9,—,变化,降到地面，使身体休息。回复自己最大ＨＰ的一半。,4,355,Roost,はねやすめ,羽栖,5,—,飞行
667968c33d53642023bdb6aa,—,变化,在５回合内，飘浮特性和飞行属性的宝可梦会被地面属性的招式击中。飞向空中的招式也将无法使用。,4,356,Gravity,じゅうりょく,重力,5,—,超能力
667968c33d53642023bdb6ab,—,变化,使出后对恶属性宝可梦没有效果的招式以及闪避率高的对手，变得能够打中。,4,357,Miracle Eye,ミラクルアイ,奇迹之眼,40,—,超能力
667968c33d53642023bdb6ac,100,物理,给予睡眠状态下的对手较大的伤害。但相反对手会从睡眠中醒过来。,4,358,Wake-Up Slap,めざましビンタ,唤醒巴掌,10,70,格斗
667968c33d53642023bdb6ad,90,物理,挥舞强力而沉重的拳头，给予对手伤害。自己的速度会降低。,4,359,Hammer Arm,アームハンマー,臂锤,10,100,格斗
667968c33d53642023bdb6ae,100,物理,让身体高速旋转并撞击对手。速度比对手越慢，威力越大。,4,360,Gyro Ball,ジャイロボール,陀螺球,5,变化,钢
667968c33d53642023bdb6af,—,变化,虽然自己陷入昏厥，但可以治愈后备上场的宝可梦的异常状态以及回复ＨＰ。,4,361,Healing Wish,いやしのねがい,治愈之愿,10,—,超能力
667968c33d53642023bdb6b0,100,特殊,当对手的ＨＰ负伤到一半左右时，招式威力会变成２倍。,4,362,Brine,しおみず,盐水,10,65,水
667968c33d53642023bdb6b1,100,物理,从树果上获得力量进行攻击。根据携带的树果，招式属性和威力会改变。,4,363,Natural Gift,しぜんのめぐみ,自然之恩,15,变化,一般
667968c33d53642023bdb6b2,100,物理,能够攻击正在使用守住或看穿等招式的对手。解除其守护效果。,4,364,Feint,フェイント,佯攻,10,30,一般
667968c33d53642023bdb6b3,100,物理,用喙进行攻击。当对手携带树果时，可以食用并获得其效果。,4,365,Pluck,ついばむ,啄食,20,60,飞行
667968c33d53642023bdb6b4,—,变化,刮起猛烈的旋风，在４回合内提高我方全员的速度。,4,366,Tailwind,おいかぜ,顺风,15,—,飞行
667968c33d53642023bdb6b5,—,变化,通过点穴让身体舒筋活络。大幅提高某１项能力。,4,367,Acupressure,つぼをつく,点穴,30,—,一般
667968c33d53642023bdb6b6,100,物理,使出招式前，将最后受到的招式的伤害大力返还给对手。,4,368,Metal Burst,メタルバースト,金属爆炸,10,变化,钢
667968c33d53642023bdb6b7,100,物理,在攻击之后急速返回，和后备宝可梦进行替换。,4,369,U-turn,とんぼがえり,急速折返,20,70,虫
667968c33d53642023bdb6b8,100,物理,放弃守护，向对手的怀里突击。自己的防御和特防会降低。,4,370,Close Combat,インファイト,近身战,5,120,格斗
667968c33d53642023bdb6b9,100,物理,蓄力攻击。如果能在对手之后攻击，招式的威力会变成２倍。,4,371,Payback,しっぺがえし,以牙还牙,10,50,恶
667968c33d53642023bdb6ba,100,物理,如果此回合内对手已经受到伤害的话，招式威力会变成２倍。,4,372,Assurance,ダメおし,恶意追击,10,60,恶
667968c33d53642023bdb6bb,100,变化,让对手在５回合内不能使用宝可梦携带的道具。训练家也不能给那只宝可梦使用道具。,4,373,Embargo,さしおさえ,查封,15,—,恶
667968c33d53642023bdb6bc,100,物理,快速投掷携带的道具进行攻击。根据道具不同，威力和效果会改变。,4,374,Fling,なげつける,投掷,10,变化,恶
667968c33d53642023bdb6bd,100,变化,利用超能力施以暗示，从而将自己受到的异常状态转移给对手。,4,375,Psycho Shift,サイコシフト,精神转移,10,—,超能力
667968c33d53642023bdb6be,—,特殊,王牌招式的剩余PP越少，招式的威力越大。,4,376,Trump Card,きりふだ,王牌,5,变化,一般
667968c33d53642023bdb6bf,100,变化,在５回合内无法通过招式、特性或携带的道具来回复HP。,4,377,Heal Block,かいふくふうじ,回复封锁,15,—,超能力
667968c33d53642023bdb6c0,100,特殊,用力勒紧对手进行攻击。对手的HP越多，威力越大。,4,378,Wring Out,しぼりとる,绞紧,5,变化,一般
667968c33d53642023bdb6c1,—,变化,利用超能力交换自己的攻击和防御的力量。,4,379,Power Trick,パワートリック,力量戏法,10,—,超能力
667968c33d53642023bdb6c2,100,变化,将胃液吐向对手的身体。沾上的胃液会消除对手的特性效果。,4,380,Gastro Acid,いえき,胃液,10,—,毒
667968c33d53642023bdb6c3,—,变化,向天许愿，从而在５回合内不会被对手的攻击打中要害。,4,381,Lucky Chant,おまじない,幸运咒语,30,—,一般
667968c33d53642023bdb6c4,—,变化,提高威力，抢先使出对手想要使出的招式。如果不先使出则会失败。,4,382,Me First,さきどり,抢先一步,20,变化,一般
667968c33d53642023bdb6c5,—,变化,模仿对手刚才使出的招式，并使出相同招式。如果对手还没出招则会失败。,4,383,Copycat,まねっこ,仿效,20,—,一般
667968c33d53642023bdb6c6,—,变化,利用超能力互换自己和对手的攻击以及特攻的能力变化。,4,384,Power Swap,パワースワップ,力量互换,10,—,超能力
667968c33d53642023bdb6c7,—,变化,利用超能力互换自己和对手的防御以及特防的能力变化。,4,385,Guard Swap,ガードスワップ,防守互换,10,—,超能力
667968c33d53642023bdb6c8,100,物理,根据能力变化，对手提高的力量越大，招式的威力越大。,4,386,Punishment,おしおき,惩罚,5,变化,恶
667968c33d53642023bdb6c9,100,物理,当战斗中已学会的招式全部使用过后，才能开始使出珍藏的招式。,4,387,Last Resort,とっておき,珍藏,5,140,一般
667968c33d53642023bdb6ca,100,变化,种植心神不宁的种子。使对手不能入眠，并将特性变成不眠。,4,388,Worry Seed,なやみのタネ,烦恼种子,10,—,草
667968c33d53642023bdb6cb,100,物理,可以比对手先攻击。对手使出的招式如果不是攻击招式则会失败。,4,389,Sucker Punch,ふいうち,突袭,5,70,恶
667968c33d53642023bdb6cc,—,变化,在对手的脚下撒毒菱。使对手替换出场的宝可梦中毒。,4,390,Toxic Spikes,どくびし,毒菱,20,—,毒
667968c33d53642023bdb6cd,—,变化,利用超能力互换自己和对手之间的能力变化。,4,391,Heart Swap,ハートスワップ,心灵互换,10,—,超能力
667968c33d53642023bdb6ce,—,变化,在自己身体的周围覆盖用水制造的幕。每回合回复ＨＰ。,4,392,Aqua Ring,アクアリング,水流环,20,—,水
667968c33d53642023bdb6cf,—,变化,利用电气产生的磁力浮在空中。在５回合内可以飘浮。,4,393,Magnet Rise,でんじふゆう,电磁飘浮,10,—,电
667968c33d53642023bdb6d0,100,物理,让火焰覆盖全身猛撞向对手。自己也会受到不小的伤害。有时会让对手陷入灼伤状态。,4,394,Flare Blitz,フレアドライブ,闪焰冲锋,15,120,火
667968c33d53642023bdb6d1,100,物理,向对手的身体发出冲击波进行攻击。有时会让对手陷入麻痹状态。,4,395,Force Palm,はっけい,发劲,10,60,格斗
667968c33d53642023bdb6d2,—,特殊,从体内产生出波导之力，然后向对手发出。攻击必定会命中。,4,396,Aura Sphere,はどうだん,波导弹,20,80,格斗
667968c33d53642023bdb6d3,—,变化,打磨自己的身体，减少空气阻力。可以大幅提高自己的速度。,4,397,Rock Polish,ロックカット,岩石打磨,20,—,岩石
667968c33d53642023bdb6d4,100,物理,用带毒的触手或手臂刺入对手。有时会让对手陷入中毒状态。,4,398,Poison Jab,どくづき,毒击,20,80,毒
667968c33d53642023bdb6d5,100,特殊,从体内发出充满恶意的恐怖气场。有时会使对手畏缩。,4,399,Dark Pulse,あくのはどう,恶之波动,15,80,恶
667968c33d53642023bdb6d6,100,物理,抓住瞬间的空隙切斩对手。容易击中要害。,4,400,Night Slash,つじぎり,暗袭要害,15,70,恶
667968c33d53642023bdb6d7,90,物理,如惊涛骇浪般挥动大尾巴攻击对手。,4,401,Aqua Tail,アクアテール,水流尾,10,90,水
667968c33d53642023bdb6d8,100,物理,将外壳坚硬的大种子，从上方砸下攻击对手。,4,402,Seed Bomb,タネばくだん,种子炸弹,15,80,草
667968c33d53642023bdb6d9,95,特殊,用连天空也能劈开的空气之刃进行攻击。有时会使对手畏缩。,4,403,Air Slash,エアスラッシュ,空气之刃,15,75,飞行
667968c33d53642023bdb6da,100,物理,将镰刀或爪子像剪刀般地交叉，顺势劈开对手。,4,404,X-Scissor,シザークロス,十字剪,15,80,虫
667968c33d53642023bdb6db,100,特殊,利用振动发出音波进行攻击。有时会降低对手的特防。,4,405,Bug Buzz,むしのさざめき,虫鸣,10,90,虫
667968c33d53642023bdb6dc,100,特殊,从大大的口中掀起冲击波攻击对手。,4,406,Dragon Pulse,りゅうのはどう,龙之波动,10,85,龙
667968c33d53642023bdb6dd,75,物理,释放出骇人的杀气，一边威慑一边撞击对手。有时会使对手畏缩。,4,407,Dragon Rush,ドラゴンダイブ,龙之俯冲,10,100,龙
667968c33d53642023bdb6de,100,特殊,发射如宝石般闪耀的光芒攻击对手。,4,408,Power Gem,パワージェム,力量宝石,20,80,岩石
667968c33d53642023bdb6df,100,物理,用拳头吸取对手的力量。可以回复给予对手伤害的一半ＨＰ。,4,409,Drain Punch,ドレインパンチ,吸取拳,10,75,格斗
667968c33d53642023bdb6e0,100,特殊,挥动拳头，掀起真空波。必定能够先制攻击。,4,410,Vacuum Wave,しんくうは,真空波,30,40,格斗
667968c33d53642023bdb6e1,70,特殊,提高气势，释放出全部力量。有时会降低对手的特防。,4,411,Focus Blast,きあいだま,真气弹,5,120,格斗
667968c33d53642023bdb6e2,100,特殊,发射从自然收集的生命力量。有时会降低对手的特防。,4,412,Energy Ball,エナジーボール,能量球,10,90,草
667968c33d53642023bdb6e3,100,物理,收拢翅膀，通过低空飞行突击对手。自己也会受到不小的伤害。,4,413,Brave Bird,ブレイブバード,勇鸟猛攻,15,120,飞行
667968c33d53642023bdb6e4,100,特殊,向对手脚下释放出大地之力。有时会降低对手的特防。,4,414,Earth Power,だいちのちから,大地之力,10,90,地面
667968c33d53642023bdb6e5,100,变化,用一闪而过的速度交换自己和对手的持有物。,4,415,Switcheroo,すりかえ,掉包,10,—,恶
667968c33d53642023bdb6e6,90,物理,使出自己浑身力量突击对手。下一回合自己将无法动弹。,4,416,Giga Impact,ギガインパクト,终极冲击,5,150,一般
667968c33d53642023bdb6e7,—,变化,谋划诡计，激活头脑。大幅提高自己的特攻。,4,417,Nasty Plot,わるだくみ,诡计,20,—,恶
667968c33d53642023bdb6e8,100,物理,向对手使出如子弹般快速而坚硬的拳头。必定能够先制攻击。,4,418,Bullet Punch,バレットパンチ,子弹拳,30,40,钢
667968c33d53642023bdb6e9,100,物理,如果受到对手的招式攻击，就能给予该对手２倍威力的攻击。,4,419,Avalanche,ゆきなだれ,雪崩,10,60,冰
667968c33d53642023bdb6ea,100,物理,瞬间制作冰块，快速地扔向对手。必定能够先制攻击。,4,420,Ice Shard,こおりのつぶて,冰砾,30,40,冰
667968c33d53642023bdb6eb,100,物理,以影子做成的锐爪，劈开对手。容易击中要害。,4,421,Shadow Claw,シャドークロー,暗影爪,15,70,幽灵
667968c33d53642023bdb6ec,95,物理,用蓄满电流的牙齿咬住对手。有时会使对手畏缩或陷入麻痹状态。,4,422,Thunder Fang,かみなりのキバ,雷电牙,15,65,电
667968c33d53642023bdb6ed,95,物理,用藏有冷气的牙齿咬住对手。有时会使对手畏缩或陷入冰冻状态。,4,423,Ice Fang,こおりのキバ,冰冻牙,15,65,冰
667968c33d53642023bdb6ee,95,物理,用覆盖着火焰的牙齿咬住对手。有时会使对手畏缩或陷入灼伤状态。,4,424,Fire Fang,ほのおのキバ,火焰牙,15,65,火
667968c33d53642023bdb6ef,100,物理,伸长影子，从对手的背后进行攻击。必定能够先制攻击。,4,425,Shadow Sneak,かげうち,影子偷袭,30,40,幽灵
667968c33d53642023bdb6f0,85,特殊,向对手发射坚硬的泥弹进行攻击。有时会降低对手的命中率。,4,426,Mud Bomb,どろばくだん,泥巴炸弹,10,65,地面
667968c33d53642023bdb6f1,100,物理,用实体化的心之利刃劈开对手。容易击中要害。,4,427,Psycho Cut,サイコカッター,精神利刃,20,70,超能力
667968c33d53642023bdb6f2,90,物理,将思念的力量集中在前额进行攻击。有时会使对手畏缩。,4,428,Zen Headbutt,しねんのずつき,意念头锤,15,80,超能力
667968c33d53642023bdb6f3,85,特殊,抛光自己的身体，向对手释放出闪光之力。有时会降低对手的命中率。,4,429,Mirror Shot,ミラーショット,镜光射击,10,65,钢
667968c33d53642023bdb6f4,100,特殊,将身体的光芒聚集在一点释放出去。有时会降低对手的特防。,4,430,Flash Cannon,ラスターカノン,加农光炮,10,80,钢
667968c33d53642023bdb6f5,85,物理,发动猛撞攻击，有时会使对手混乱。是宝可表的秘传招式之一。,4,431,Rock Climb,ロッククライム,攀岩,20,90,一般
667968c33d53642023bdb6f6,—,变化,用强风吹开对手的反射壁或光墙等。也会降低对手的闪避率。,4,432,Defog,きりばらい,清除浓雾,15,—,飞行
667968c33d53642023bdb6f7,—,变化,制造出离奇的空间。在５回合内速度慢的宝可梦可以先行动。,4,433,Trick Room,トリックルーム,戏法空间,5,—,超能力
667968c33d53642023bdb6f8,90,特殊,从天空中向对手落下陨石。使用之后因为反作用力，自己的特攻会大幅降低。,4,434,Draco Meteor,りゅうせいぐん,流星群,5,130,龙
667968c33d53642023bdb6f9,100,特殊,用耀眼的电击攻击自己周围所有的宝可梦。有时会陷入麻痹状态。,4,435,Discharge,ほうでん,放电,15,80,电
667968c33d53642023bdb6fa,100,特殊,用熊熊烈火攻击自己周围所有的宝可梦。有时会陷入灼伤状态。,4,436,Lava Plume,ふんえん,喷烟,15,80,火
667968c33d53642023bdb6fb,90,特殊,用尖尖的叶片向对手卷起风暴。使用之后因为反作用力自己的特攻会大幅降低。,4,437,Leaf Storm,リーフストーム,飞叶风暴,5,130,草
667968c33d53642023bdb6fc,85,物理,激烈地挥舞青藤或触手摔打对手进行攻击。,4,438,Power Whip,パワーウィップ,强力鞭打,10,120,草
667968c33d53642023bdb6fd,90,物理,向对手发射巨大的岩石进行攻击。下一回合自己将无法动弹。,4,439,Rock Wrecker,がんせきほう,岩石炮,5,150,岩石
667968c33d53642023bdb6fe,100,物理,用毒刃劈开对手。有时会让对手陷入中毒状态，也容易击中要害。,4,440,Cross Poison,クロスポイズン,十字毒刃,20,70,毒
667968c33d53642023bdb6ff,80,物理,用肮脏的垃圾撞向对手进行攻击。有时会让对手陷入中毒状态。,4,441,Gunk Shot,ダストシュート,垃圾射击,5,120,毒
667968c33d53642023bdb700,100,物理,用钢铁般坚硬的头部进行攻击。有时会使对手畏缩。,4,442,Iron Head,アイアンヘッド,铁头,15,80,钢
667968c33d53642023bdb701,—,物理,发射吸住对手的钢铁炸弹。攻击必定会命中。,4,443,Magnet Bomb,マグネットボム,磁铁炸弹,20,60,钢
667968c33d53642023bdb702,80,物理,用尖尖的岩石刺入对手进行攻击。容易击中要害。,4,444,Stone Edge,ストーンエッジ,尖石攻击,5,100,岩石
667968c33d53642023bdb703,100,变化,♂诱惑♀或♀诱惑♂，从而大幅降低对手的特攻。,4,445,Captivate,ゆうわく,诱惑,20,—,一般
667968c33d53642023bdb704,—,变化,将无数岩石悬浮在对手的周围，从而对替换出场的对手的宝可梦给予伤害。,4,446,Stealth Rock,ステルスロック,隐形岩,20,—,岩石
667968c33d53642023bdb705,100,特殊,用草缠住并绊倒对手。对手越重，威力越大。,4,447,Grass Knot,くさむすび,打草结,20,变化,草
667968c33d53642023bdb706,100,特殊,用非常烦人的，喋喋不休的音波攻击对手。使对手混乱。,4,448,Chatter,おしゃべり,喋喋不休,20,65,飞行
667968c33d53642023bdb707,100,特殊,向对手放出无数的光弹。属性会根据自己携带的石板不同而改变。,4,449,Judgment,さばきのつぶて,制裁光砾,10,100,一般
667968c33d53642023bdb708,100,物理,咬住进行攻击。当对手携带树果时，可以食用并获得其效果。,4,450,Bug Bite,むしくい,虫咬,20,60,虫
667968c33d53642023bdb709,90,特殊,向对手发射电击光束。由于蓄满电流，有时会提高自己的特攻。,4,451,Charge Beam,チャージビーム,充电光束,10,50,电
667968c33d53642023bdb70a,100,物理,用坚硬的躯体撞击对手进行攻击。自己也会受到不小的伤害。,4,452,Wood Hammer,ウッドハンマー,木槌,15,120,草
667968c33d53642023bdb70b,100,物理,以迅雷不及掩耳之势扑向对手。必定能够先制攻击。,4,453,Aqua Jet,アクアジェット,水流喷射,20,40,水
667968c33d53642023bdb70c,100,物理,召唤手下，让其朝对手发起攻击。容易击中要害。,4,454,Attack Order,こうげきしれい,攻击指令,15,90,虫
667968c33d53642023bdb70d,—,变化,召唤手下，让其附在自己的身体上。可以提高自己的防御和特防。,4,455,Defend Order,ぼうぎょしれい,防御指令,10,—,虫
667968c33d53642023bdb70e,—,变化,召唤手下疗伤。回复自己最大HP的一半。,4,456,Heal Order,かいふくしれい,回复指令,10,—,虫
667968c33d53642023bdb70f,80,物理,拼命使出浑身力气，向对手进行头锤攻击。自己也会受到非常大的伤害。,4,457,Head Smash,もろはのずつき,双刃头锤,5,150,岩石
667968c33d53642023bdb710,90,物理,使用尾巴等拍打对手进行攻击。连续２次给予伤害。,4,458,Double Hit,ダブルアタック,二连击,10,35,一般
667968c33d53642023bdb711,90,特殊,释放出扭曲时间般的强大力量攻击对手。下一回合自己将无法动弹。,4,459,Roar of Time,ときのほうこう,时光咆哮,5,150,龙
667968c33d53642023bdb712,95,特殊,将对手连同周围的空间一起撕裂并给予伤害。容易击中要害。,4,460,Spacial Rend,あくうせつだん,亚空裂斩,5,100,龙
667968c33d53642023bdb713,—,变化,虽然自己陷入昏厥，但可以治愈后备上场的宝可梦的全部状态。,4,461,Lunar Dance,みかづきのまい,新月舞,10,—,超能力
667968c33d53642023bdb714,100,物理,用骇人的力量捏碎对手。对手剩余的ＨＰ越多，威力越大。,4,462,Crush Grip,にぎりつぶす,捏碎,5,变化,一般
667968c33d53642023bdb715,75,特殊,将对手困在熊熊燃烧的火焰中，在４～５回合内进行攻击。,4,463,Magma Storm,マグマストーム,熔岩风暴,5,100,火
667968c33d53642023bdb716,50,变化,将对手强制拖入黑暗的世界，从而让对手陷入睡眠状态。,4,464,Dark Void,ダークホール,暗黑洞,10,—,恶
667968c33d53642023bdb717,85,特殊,从身体里产生冲击波。有时会大幅降低对手的特防。,4,465,Seed Flare,シードフレア,种子闪光,5,120,草
667968c33d53642023bdb718,100,特殊,突然刮起毛骨悚然的暴风攻击对手。有时会提高自己的全部能力。,4,466,Ominous Wind,あやしいかぜ,奇异之风,5,60,幽灵
667968c33d53642023bdb719,100,物理,第１回合消失踪影，第２回合攻击对手。即使对手正受保护，也能击中。,4,467,Shadow Force,シャドーダイブ,暗影潜袭,5,120,幽灵
667968c33d53642023bdb71a,—,变化,将爪子磨得更加锋利。提高自己的攻击和命中率。,5,468,Hone Claws,つめとぎ,磨爪,15,—,恶
667968c33d53642023bdb71b,—,变化,在１回合内防住击打我方全员的攻击。,5,469,Wide Guard,ワイドガード,广域防守,10,—,岩石
667968c33d53642023bdb71c,—,变化,利用超能力将自己和对手的防御和特防相加，再进行平分。,5,470,Guard Split,ガードシェア,防守平分,10,—,超能力
667968c33d53642023bdb71d,—,变化,利用超能力将自己和对手的攻击和特攻相加，再进行平分。,5,471,Power Split,パワーシェア,力量平分,10,—,超能力
667968c33d53642023bdb71e,—,变化,制造出离奇的空间。在５回合内互换所有宝可梦的防御和特防。,5,472,Wonder Room,ワンダールーム,奇妙空间,10,—,超能力
667968c33d53642023bdb71f,100,特殊,将神奇的念波实体化攻击对手。给予物理伤害。,5,473,Psyshock,サイコショック,精神冲击,10,80,超能力
667968c33d53642023bdb720,100,特殊,将特殊的毒液泼向对手。对处于中毒状态的对手，威力会变成２倍。,5,474,Venoshock,ベノムショック,毒液冲击,10,65,毒
667968c33d53642023bdb721,—,变化,削掉身体上没用的部分。大幅提高自己的速度，同时体重也会变轻。,5,475,Autotomize,ボディパージ,身体轻量化,15,—,钢
667968c33d53642023bdb722,—,变化,将令人烦躁的粉末撒在自己身上，用以吸引对手的注意。使对手的攻击全部指向自己。,5,476,Rage Powder,いかりのこな,愤怒粉,20,—,虫
667968c33d53642023bdb723,—,变化,利用超能力使对手浮起来。在３回合内攻击会变得容易打中对手。,5,477,Telekinesis,テレキネシス,意念移物,15,—,超能力
667968c33d53642023bdb724,—,变化,制造出离奇的空间。在５回合内所有宝可梦携带道具的效果都会消失。,5,478,Magic Room,マジックルーム,魔法空间,10,—,超能力
667968c33d53642023bdb725,100,物理,扔石头或炮弹，攻击飞行的对手。对手会被击落，掉到地面。,5,479,Smack Down,うちおとす,击落,15,50,岩石
667968c33d53642023bdb726,100,物理,向对手使出强烈的一击。攻击必定会击中要害。,5,480,Storm Throw,やまあらし,山岚摔,10,60,格斗
667968c33d53642023bdb727,100,特殊,如果击中，爆裂的火焰会攻击到对手。爆裂出的火焰还会飞溅到旁边的对手。,5,481,Flame Burst,はじけるほのお,烈焰溅射,15,70,火
667968c33d53642023bdb728,100,特殊,用污泥波攻击自己周围所有的宝可梦。有时会陷入中毒状态。,5,482,Sludge Wave,ヘドロウェーブ,污泥波,10,95,毒
667968c33d53642023bdb729,—,变化,轻巧地跳起神秘而又美丽的舞蹈。提高自己的特攻、特防和速度。,5,483,Quiver Dance,ちょうのまい,蝶舞,20,—,虫
667968c33d53642023bdb72a,100,物理,用沉重的身体撞向对手进行攻击。自己比对手越重，威力越大。,5,484,Heavy Slam,ヘビーボンバー,重磅冲撞,10,变化,钢
667968c33d53642023bdb72b,100,特殊,用神奇电波对周围所有和自己属性相同的宝可梦给予伤害。,5,485,Synchronoise,シンクロノイズ,同步干扰,10,120,超能力
667968c33d53642023bdb72c,100,特殊,用电气团撞向对手。自己比对手速度越快，威力越大。,5,486,Electro Ball,エレキボール,电球,10,变化,电
667968c33d53642023bdb72d,100,变化,将大量的水泼向对手，从而使其变成水属性。,5,487,Soak,みずびたし,浸水,20,—,水
667968c33d53642023bdb72e,100,物理,让火焰覆盖全身，攻击对手。积蓄力量来提高自己的速度。,5,488,Flame Charge,ニトロチャージ,蓄能焰袭,20,50,火
667968c33d53642023bdb72f,—,变化,盘蜷着集中精神。提高自己的攻击、防御和命中率。,5,489,Coil,とぐろをまく,盘蜷,20,—,毒
667968c33d53642023bdb730,100,物理,以敏捷的动作瞄准对手的脚进行攻击。会降低对手的速度。,5,490,Low Sweep,ローキック,下盘踢,20,65,格斗
667968c33d53642023bdb731,100,特殊,喷出能溶化对手的液体进行攻击。会大幅降低对手的特防。,5,491,Acid Spray,アシッドボム,酸液炸弹,20,40,毒
667968c33d53642023bdb732,100,物理,利用对手的力量进行攻击。正和自己战斗的对手，其攻击越高，伤害越大。,5,492,Foul Play,イカサマ,欺诈,15,95,恶
667968c33d53642023bdb733,100,变化,向对手发送谜之念波。接收到念波的对手，其特性会变为单纯。,5,493,Simple Beam,シンプルビーム,单纯光束,15,—,一般
667968c33d53642023bdb734,100,变化,用神奇的节奏跳舞。使对手模仿自己的动作，从而将特性变成一样。,5,494,Entrainment,なかまづくり,找伙伴,15,—,一般
667968c33d53642023bdb735,—,变化,支援我方或对手的行动，使其紧接着此招式之后行动。,5,495,After You,おさきにどうぞ,您先请,15,—,一般
667968c33d53642023bdb736,100,特殊,用歌声攻击对手。大家一起轮唱便可以接连使出，威力也会提高。,5,496,Round,りんしょう,轮唱,15,60,一般
667968c33d53642023bdb737,100,特殊,用回声攻击对手。如果每回合都有宝可梦接着使用该招式，威力就会提高。,5,497,Echoed Voice,エコーボイス,回声,15,40,一般
667968c33d53642023bdb738,100,物理,看准机会稳步攻击。无视对手的能力变化，直接给予伤害。,5,498,Chip Away,なしくずし,逐步击破,20,70,一般
667968c33d53642023bdb739,—,特殊,向对手投掷特殊的泥块进行攻击。使其能力变回原点。,5,499,Clear Smog,クリアスモッグ,清除之烟,15,50,毒
667968c33d53642023bdb73a,100,特殊,用蓄积起来的力量攻击对手。自己的能力提高得越多，威力就越大。,5,500,Stored Power,アシストパワー,辅助力量,10,20,超能力
667968c33d53642023bdb73b,—,变化,守护自己和同伴，以防对手的先制攻击。,5,501,Quick Guard,ファストガード,快速防守,15,—,格斗
667968c33d53642023bdb73c,—,变化,用神奇的力量瞬间移动，互换自己和同伴所在的位置。连续使出则容易失败。,5,502,Ally Switch,サイドチェンジ,交换场地,15,—,超能力
667968c33d53642023bdb73d,100,特殊,向对手喷射煮得翻滚的开水进行攻击。有时会让对手陷入灼伤状态。,5,503,Scald,ねっとう,热水,15,80,水
667968c33d53642023bdb73e,—,变化,打破外壳，降低自己的防御和特防，但大幅提高攻击、特攻和速度。,5,504,Shell Smash,からをやぶる,破壳,15,—,一般
667968c33d53642023bdb73f,—,变化,放出治愈波动，从而回复对手最大ＨＰ的一半。,5,505,Heal Pulse,いやしのはどう,治愈波动,10,—,超能力
667968c33d53642023bdb740,100,特殊,接二连三地进行攻击。对处于异常状态的对手给予较大的伤害。,5,506,Hex,たたりめ,祸不单行,10,65,幽灵
667968c33d53642023bdb741,100,物理,第１回合将对手带到空中，第２回合将其摔下进行攻击。被带到空中的对手不能动弹。,5,507,Sky Drop,フリーフォール,自由落体,10,60,飞行
667968c33d53642023bdb742,—,变化,转动齿轮，不仅提高自己的攻击，还会大幅提高速度。,5,508,Shift Gear,ギアチェンジ,换档,10,—,钢
667968c33d53642023bdb743,90,物理,扔飞对手，强制拉后备宝可梦上场。如果对手为野生宝可梦，战斗将直接结束。,5,509,Circle Throw,ともえなげ,巴投,10,60,格斗
667968c33d53642023bdb744,100,特殊,用火焰攻击对手。对手携带树果等时，会烧掉，使其不能使用。,5,510,Incinerate,やきつくす,烧净,15,60,火
667968c33d53642023bdb745,100,变化,压制对手，从而将其行动顺序放到最后。,5,511,Quash,さきおくり,延后,15,—,恶
667968c33d53642023bdb746,100,物理,轻巧地攻击对手。自己没有携带道具时，会给予较大的伤害。,5,512,Acrobatics,アクロバット,杂技,15,55,飞行
667968c33d53642023bdb747,—,变化,反射对手的属性，让自己也变成一样的属性。,5,513,Reflect Type,ミラータイプ,镜面属性,15,—,一般
667968c33d53642023bdb748,100,物理,为倒下的同伴报仇。如果上一回合有同伴倒下，威力就会提高。,5,514,Retaliate,かたきうち,报仇,5,70,一般
667968c33d53642023bdb749,100,特殊,拼命攻击对手。虽然自己陷入昏厥，但会给予对手和自己目前ＨＰ等量的伤害。,5,515,Final Gambit,いのちがけ,搏命,5,变化,格斗
667968c33d53642023bdb74a,—,变化,当对手未携带道具时，能够将自己携带的道具交给对手。,5,516,Bestow,ギフトパス,传递礼物,15,—,一般
667968c33d53642023bdb74b,50,特殊,用烈焰包裹住对手进行攻击。让对手陷入灼伤状态。,5,517,Inferno,れんごく,烈火深渊,5,100,火
667968c33d53642023bdb74c,100,特殊,用水柱进行攻击。如果和火组合，威力就会提高，天空中会挂上彩虹。,5,518,Water Pledge,みずのちかい,水之誓约,10,80,水
667968c33d53642023bdb74d,100,特殊,用火柱进行攻击。如果和草组合，威力就会提高，周围会变成火海。,5,519,Fire Pledge,ほのおのちかい,火之誓约,10,80,火
667968c33d53642023bdb74e,100,特殊,用草柱进行攻击。如果和水组合，威力就会提高，周围会变成湿地。,5,520,Grass Pledge,くさのちかい,草之誓约,10,80,草
667968c33d53642023bdb74f,100,特殊,在攻击之后急速返回，和后备宝可梦进行替换。,5,521,Volt Switch,ボルトチェンジ,伏特替换,20,70,电
667968c33d53642023bdb750,100,特殊,抵抗并攻击对手。会降低对手的特攻。,5,522,Struggle Bug,むしのていこう,虫之抵抗,20,50,虫
667968c33d53642023bdb751,100,物理,用力踩踏地面并攻击自己周围所有的宝可梦。会降低对方的速度。,5,523,Bulldoze,じならし,重踏,20,60,地面
667968c33d53642023bdb752,90,特殊,将冰冷的气息吹向对手进行攻击。必定会击中要害。,5,524,Frost Breath,こおりのいぶき,冰息,10,60,冰
667968c33d53642023bdb753,90,物理,弹飞对手，强制拉后备宝可梦上场。如果对手为野生宝可梦，战斗将直接结束。,5,525,Dragon Tail,ドラゴンテール,龙尾,10,60,龙
667968c33d53642023bdb754,—,变化,激励自己，从而提高攻击和特攻。,5,526,Work Up,ふるいたてる,自我激励,30,—,一般
667968c33d53642023bdb755,95,特殊,用电网捉住对手进行攻击。会降低对手的速度。,5,527,Electroweb,エレキネット,电网,15,55,电
667968c33d53642023bdb756,100,物理,让电流覆盖全身，撞向对手进行攻击。自己也会受到少许伤害。,5,528,Wild Charge,ワイルドボルト,疯狂伏特,15,90,电
667968c33d53642023bdb757,95,物理,像钢钻一样，一边旋转身体一边撞击对手。容易击中要害。,5,529,Drill Run,ドリルライナー,直冲钻,10,80,地面
667968c33d53642023bdb758,90,物理,用身体坚硬的部分拍打对手进行攻击。连续２次给予伤害。,5,530,Dual Chop,ダブルチョップ,二连劈,15,40,龙
667968c33d53642023bdb759,100,物理,以可爱的动作使对手疏忽，乘机给出强烈的一击。有时会使对手畏缩。,5,531,Heart Stamp,ハートスタンプ,爱心印章,25,60,超能力
667968c33d53642023bdb75a,100,物理,将角刺入，吸取对手的养分。可以回复给予对手伤害的一半ＨＰ。,5,532,Horn Leech,ウッドホーン,木角,10,75,草
667968c33d53642023bdb75b,100,物理,用剑切斩对手进行攻击。无视对手的能力变化，直接给予伤害。,5,533,Sacred Sword,せいなるつるぎ,圣剑,15,90,格斗
667968c33d53642023bdb75c,95,物理,用锋利的贝壳切斩对手进行攻击。有时会降低对手的防御。,5,534,Razor Shell,シェルブレード,贝壳刃,10,75,水
667968c33d53642023bdb75d,100,物理,用燃烧的身体撞向对手进行攻击。自己比对手越重，威力越大。,5,535,Heat Crash,ヒートスタンプ,高温重压,10,变化,火
667968c33d53642023bdb75e,90,特殊,用锋利的叶片包裹住对手进行攻击。有时会降低对手的命中率。,5,536,Leaf Tornado,グラスミキサー,青草搅拌器,10,65,草
667968c33d53642023bdb75f,100,物理,旋转揉成团的身体压扁对手。有时会使对手畏缩。,5,537,Steamroller,ハードローラー,疯狂滚压,20,65,虫
667968c33d53642023bdb760,—,变化,用软绵绵的绒毛包裹住自己的身体进行守护。巨幅提高自己的防御。,5,538,Cotton Guard,コットンガード,棉花防守,10,—,草
667968c33d53642023bdb761,95,特殊,放出黑暗的冲击波攻击对手。有时会降低对手的命中率。,5,539,Night Daze,ナイトバースト,暗黑爆破,10,85,恶
667968c33d53642023bdb762,100,特殊,将神奇的念波实体化攻击对手。给予物理伤害。,5,540,Psystrike,サイコブレイク,精神击破,10,100,超能力
667968c33d53642023bdb763,85,物理,用坚硬的尾巴拍打对手进行攻击。连续攻击２～５次。,5,541,Tail Slap,スイープビンタ,扫尾拍打,10,25,一般
667968c33d53642023bdb764,70,特殊,用强烈的风席卷对手进行攻击。有时会使对手混乱。,5,542,Hurricane,ぼうふう,暴风,10,110,飞行
667968c33d53642023bdb765,100,物理,用厉害的爆炸头猛撞向对手进行攻击。自己也会受到少许伤害。,5,543,Head Charge,アフロブレイク,爆炸头突击,15,120,一般
667968c33d53642023bdb766,85,物理,向对手投掷钢铁齿轮进行攻击。连续２次给予伤害。,5,544,Gear Grind,ギアソーサー,齿轮飞盘,15,50,钢
667968c33d53642023bdb767,100,特殊,用熊熊烈火攻击自己周围所有的宝可梦。有时会陷入灼伤状态。,5,545,Searing Shot,かえんだん,火焰弹,5,100,火
667968c33d53642023bdb768,100,特殊,向对手放出光弹。属性会根据自己携带的卡带不同而改变。,5,546,Techno Blast,テクノバスター,高科技光炮,5,120,一般
667968c33d53642023bdb769,100,特殊,让对手听古老之歌，打动对手的内心进行攻击。有时会让对手陷入睡眠状态。,5,547,Relic Song,いにしえのうた,古老之歌,10,75,一般
667968c33d53642023bdb76a,100,特殊,用长角切斩对手进行攻击。角上拥有的神奇力量将给予物理伤害。,5,548,Secret Sword,しんぴのつるぎ,神秘之剑,10,85,格斗
667968c33d53642023bdb76b,95,特殊,将冰冻的冷气吹向对手进行攻击。会降低对手的速度。,5,549,Glaciate,こごえるせかい,冰封世界,10,65,冰
667968c33d53642023bdb76c,85,物理,让强大的电流覆盖全身，猛撞向对手进行攻击。有时会让对手陷入麻痹状态。,5,550,Bolt Strike,らいげき,雷击,5,130,电
667968c33d53642023bdb76d,85,特殊,用美丽而激烈的青焰包裹住对手进行攻击。有时会让对手陷入灼伤状态。,5,551,Blue Flare,あおいほのお,青焰,5,130,火
667968c33d53642023bdb76e,100,特殊,让火焰覆盖全身，振翅攻击对手。有时会提高自己的特攻。,5,552,Fiery Dance,ほのおのまい,火之舞,10,80,火
667968c33d53642023bdb76f,90,物理,用覆盖着电流的冰块，在第２回合撞向对手。有时会让对手陷入麻痹状态。,5,553,Freeze Shock,フリーズボルト,冰冻伏特,5,140,冰
667968c33d53642023bdb770,90,特殊,用能够冻结一切的强烈冷气，在第２回合包裹住对手。有时会让对手陷入灼伤状态。,5,554,Ice Burn,コールドフレア,极寒冷焰,5,140,冰
667968c33d53642023bdb771,95,特殊,没完没了地大声斥责，从而降低对手的特攻。,5,555,Snarl,バークアウト,大声咆哮,15,55,恶
667968c33d53642023bdb772,90,物理,用大冰柱激烈地撞向对手进行攻击。有时会使对手畏缩。,5,556,Icicle Crash,つららおとし,冰柱坠击,10,85,冰
667968c33d53642023bdb773,95,物理,从前额产生灼热的火焰，舍身撞击对手。防御、特防和速度会降低。,5,557,V-create,Ｖジェネレート,Ｖ热焰,5,180,火
667968c33d53642023bdb774,100,特殊,释放出巨大的火焰。受到巨大的闪电影响时，招式威力会提高。,5,558,Fusion Flare,クロスフレイム,交错火焰,5,100,火
667968c33d53642023bdb775,100,物理,释放出巨大的闪电。受到巨大的火焰影响时，招式威力会提高。,5,559,Fusion Bolt,クロスサンダー,交错闪电,5,100,电
667968c33d53642023bdb776,95,物理,从空中俯冲向对手。此招式同时带有格斗属性和飞行属性。,6,560,Flying Press,フライングプレス,飞身重压,10,100,格斗
667968c33d53642023bdb777,—,变化,将掀起来的榻榻米当作盾牌，防住自己和同伴免受招式伤害。变化招式无法防住。,6,561,Mat Block,たたみがえし,掀榻榻米,10,—,格斗
667968c33d53642023bdb778,90,特殊,朝着对手打嗝，并给予伤害。如果不吃树果则无法使出。,6,562,Belch,ゲップ,打嗝,10,120,毒
667968c33d53642023bdb779,—,变化,翻耕土地，使草木更容易成长。会提高草属性宝可梦的攻击和特攻。,6,563,Rototiller,たがやす,耕地,10,—,地面
667968c33d53642023bdb77a,—,变化,在对手周围围上黏黏的网，降低替换出场的对手的速度。,6,564,Sticky Web,ねばねばネット,黏黏网,20,—,虫
667968c33d53642023bdb77b,100,物理,如果使用此招式打倒对手，攻击会巨幅提高。,6,565,Fell Stinger,とどめばり,致命针刺,25,50,虫
667968c33d53642023bdb77c,100,物理,第１回合消失在某处，第２回合攻击对手。可以无视守护进行攻击。,6,566,Phantom Force,ゴーストダイブ,潜灵奇袭,10,90,幽灵
667968c33d53642023bdb77d,100,变化,邀请对手参加万圣夜。使对手被追加幽灵属性。,6,567,Trick-or-Treat,ハロウィン,万圣夜,20,—,幽灵
667968c33d53642023bdb77e,100,变化,发出战吼威吓对手，从而降低对手的攻击和特攻。,6,568,Noble Roar,おたけび,战吼,30,—,一般
667968c33d53642023bdb77f,—,变化,将带电粒子扩散开来，使一般属性的招式变成电属性。,6,569,Ion Deluge,プラズマシャワー,等离子浴,25,—,电
667968c33d53642023bdb780,100,特殊,给周围全体宝可梦造成伤害。可以回复给予伤害的一半HP。,6,570,Parabolic Charge,パラボラチャージ,抛物面充电,20,65,电
667968c33d53642023bdb781,100,变化,向对手施加森林咒术。中了咒术的对手会被追加草属性。,6,571,Forest's Curse,もりののろい,森林咒术,20,—,草
667968c33d53642023bdb782,100,物理,猛烈地刮起飞雪般的落花，攻击周围所有的宝可梦，并给予伤害。,6,572,Petal Blizzard,はなふぶき,落英缤纷,15,90,草
667968c33d53642023bdb783,100,特殊,急剧冷冻对手，有时会让对手陷入冰冻状态。对于水属性宝可梦也是效果绝佳。,6,573,Freeze-Dry,フリーズドライ,冷冻干燥,20,70,冰
667968c33d53642023bdb784,—,特殊,发出魅惑的叫声，给予对手精神上的伤害。攻击必定会命中。,6,574,Disarming Voice,チャームボイス,魅惑之声,15,40,妖精
667968c33d53642023bdb785,100,变化,抛下狠话威吓对手，降低攻击和特攻后，和后备宝可梦进行替换。,6,575,Parting Shot,すてゼリフ,抛下狠话,20,—,恶
667968c33d53642023bdb786,—,变化,颠倒对手身上的所有能力变化，变成和原来相反的状态。,6,576,Topsy-Turvy,ひっくりかえす,颠倒,20,—,恶
667968c33d53642023bdb787,100,特殊,用一个吻吸取对手的ＨＰ。回复给予对手伤害的一半以上的ＨＰ。,6,577,Draining Kiss,ドレインキッス,吸取之吻,10,50,妖精
667968c33d53642023bdb788,—,变化,使用神奇的力量防住攻击我方的变化招式。但无法防住伤害招式的攻击。,6,578,Crafty Shield,トリックガード,戏法防守,10,—,妖精
667968c33d53642023bdb789,—,变化,使用神奇的力量提高在场的所有草属性宝可梦的防御。,6,579,Flower Shield,フラワーガード,鲜花防守,10,—,妖精
667968c33d53642023bdb78a,—,变化,在５回合内变成青草场地。地面上的宝可梦每回合都能回复。草属性的招式威力还会提高。,6,580,Grassy Terrain,グラスフィールド,青草场地,10,—,草
667968c33d53642023bdb78b,—,变化,在５回合内，地面上的宝可梦不会陷入异常状态。龙属性招式的伤害也会减半。,6,581,Misty Terrain,ミストフィールド,薄雾场地,10,—,妖精
667968c33d53642023bdb78c,—,变化,对手使出招式前，如果输电，则该回合对手的招式变成电属性。,6,582,Electrify,そうでん,输电,20,—,电
667968c33d53642023bdb78d,90,物理,与对手嬉闹并攻击。有时会降低对手的攻击。,6,583,Play Rough,じゃれつく,嬉闹,10,90,妖精
667968c33d53642023bdb78e,100,特殊,刮起妖精之风，吹向对手进行攻击。,6,584,Fairy Wind,ようせいのかぜ,妖精之风,30,40,妖精
667968c33d53642023bdb78f,100,特殊,借用月亮的力量攻击对手。有时会降低对手的特攻。,6,585,Moonblast,ムーンフォース,月亮之力,15,95,妖精
667968c33d53642023bdb790,100,特殊,通过震耳欲聋的爆炸声产生的破坏力，攻击自己周围所有的宝可梦。,6,586,Boomburst,ばくおんぱ,爆音波,10,140,一般
667968c33d53642023bdb791,—,变化,通过封锁，下一回合所有的宝可梦都无法逃走。,6,587,Fairy Lock,フェアリーロック,妖精之锁,10,—,妖精
667968c33d53642023bdb792,—,变化,防住对手攻击的同时，自己变为防御姿态。能够降低所接触到的对手的攻击。,6,588,King's Shield,キングシールド,王者盾牌,10,—,钢
667968c33d53642023bdb793,—,变化,和对手和睦相处，使其失去战斗的气力，从而降低对手的攻击。,6,589,Play Nice,なかよくする,和睦相处,20,—,一般
667968c33d53642023bdb794,—,变化,和对手进行密语，使其失去集中力，从而降低对手的特攻。,6,590,Confide,ないしょばなし,密语,20,—,一般
667968c33d53642023bdb795,95,物理,掀起钻石风暴给予伤害。有时会大幅提高自己的防御。,6,591,Diamond Storm,ダイヤストーム,钻石风暴,5,100,岩石
667968c33d53642023bdb796,95,特殊,将滚烫的蒸汽喷向对手。有时会让对手灼伤。,6,592,Steam Eruption,スチームバースト,蒸汽爆炸,5,110,水
667968c33d53642023bdb797,—,特殊,通过异次元洞，突然出现在对手的侧面进行攻击。还可以无视守住和看穿等招式。,6,593,Hyperspace Hole,いじげんホール,异次元洞,5,80,超能力
667968c33d53642023bdb798,100,特殊,用粘液制成的手里剑，连续攻击２～５次。必定能够先制攻击。,6,594,Water Shuriken,みずしゅりけん,飞水手里剑,20,15,水
667968c33d53642023bdb799,100,特殊,从口中喷出特别灼热的火焰进行攻击。降低对手的特攻。,6,595,Mystical Fire,マジカルフレイム,魔法火焰,10,75,火
667968c33d53642023bdb79a,—,变化,防住对手攻击的同时，削减接触到自己的对手的体力。,6,596,Spiky Shield,ニードルガード,尖刺防守,10,—,草
667968c33d53642023bdb79b,100,变化,通过神奇的芳香，提高我方宝可梦的特防。,6,597,Aromatic Mist,アロマミスト,芳香薄雾,20,—,妖精
667968c33d53642023bdb79c,100,变化,从身体放射出怪异电波，让对手沐浴其中，从而大幅降低其特攻。,6,598,Eerie Impulse,かいでんぱ,怪异电波,15,—,电
667968c33d53642023bdb79d,100,变化,将特殊的毒液泼向对手。对处于中毒状态的对手，其攻击、特攻和速度都会降低。,6,599,Venom Drench,ベノムトラップ,毒液陷阱,20,—,毒
667968c33d53642023bdb79e,100,变化,如果被撒到粉尘的对手使用火招式，则会爆炸并给予伤害。,6,600,Powder,ふんじん,粉尘,20,—,虫
667968c33d53642023bdb79f,—,变化,第１回合吸收能量，第２回合大幅提高特攻、特防和速度。,6,601,Geomancy,ジオコントロール,大地掌控,10,—,妖精
667968c33d53642023bdb7a0,—,变化,通过操控磁场，会提高特性为正电和负电的宝可梦的防御和特防。,6,602,Magnetic Flux,じばそうさ,磁场操控,20,—,电
667968c33d53642023bdb7a1,—,变化,如果使用欢乐时光，战斗后得到的钱会翻倍。,6,603,Happy Hour,ハッピータイム,欢乐时光,30,—,一般
667968c33d53642023bdb7a2,—,变化,在５回合内变成电气场地。地面上的宝可梦将无法入眠。电属性的招式威力还会提高。,6,604,Electric Terrain,エレキフィールド,电气场地,10,—,电
667968c33d53642023bdb7a3,100,特殊,向对手发射强光，并给予伤害。,6,605,Dazzling Gleam,マジカルシャイン,魔法闪耀,10,80,妖精
667968c33d53642023bdb7a4,—,变化,宝可梦为十分开心的你庆祝。,6,606,Celebrate,おいわい,庆祝,40,—,一般
667968c33d53642023bdb7a5,—,变化,我方宝可梦之间牵手。能带来非常幸福的心情。,6,607,Hold Hands,てをつなぐ,牵手,40,—,一般
667968c33d53642023bdb7a6,100,变化,用圆瞳凝视对手，从而降低其攻击。必定能够先制攻击。,6,608,Baby-Doll Eyes,つぶらなひとみ,圆瞳,30,—,妖精
667968c33d53642023bdb7a7,100,物理,将带电的脸颊蹭蹭对手进行攻击。让对手陷入麻痹状态。,6,609,Nuzzle,ほっぺすりすり,蹭蹭脸颊,20,20,电
667968c33d53642023bdb7a8,100,物理,在攻击的时候手下留情，从而使对手的ＨＰ至少会留下１ＨＰ。,6,610,Hold Back,てかげん,手下留情,40,40,一般
667968c33d53642023bdb7a9,100,特殊,在４～５回合内死缠烂打地进行攻击。在此期间对手将无法逃走。,6,611,Infestation,まとわりつく,纠缠不休,20,20,虫
667968c33d53642023bdb7aa,100,物理,通过反复击打对手，使自己的拳头慢慢变硬。打中对手攻击就会提高。,6,612,Power-Up Punch,グロウパンチ,增强拳,20,40,格斗
667968c33d53642023bdb7ab,100,特殊,从锁定的对手身上吸取ＨＰ。回复给予对手伤害的一半以上的ＨＰ。,6,613,Oblivion Wing,デスウイング,归天之翼,10,80,飞行
667968c33d53642023bdb7ac,100,物理,可以击中浮在空中的宝可梦。空中的对手被击落后，会掉到地面。,6,614,Thousand Arrows,サウザンアロー,千箭齐发,10,90,地面
667968c33d53642023bdb7ad,100,物理,从地面掀起波浪进行攻击。被掀入波浪中的对手，将无法从战斗中逃走。,6,615,Thousand Waves,サウザンウェーブ,千波激荡,10,90,地面
667968c33d53642023bdb7ae,100,物理,聚集大地的力量，将此力量集中攻击对手，并给予伤害。,6,616,Land's Wrath,グランドフォース,大地神力,10,90,地面
667968c33d53642023bdb7af,90,特殊,借用永恒之花的力量，发射出强力光线。自己也会受到非常大的伤害。,6,617,Light of Ruin,はめつのひかり,破灭之光,5,140,妖精
667968c33d53642023bdb7b0,85,特殊,用无数青白色且闪耀的光线攻击对手。,6,618,Origin Pulse,こんげんのはどう,根源波动,10,110,水
667968c33d53642023bdb7b1,85,物理,将大地的力量变化为利刃攻击对手。,6,619,Precipice Blades,だんがいのつるぎ,断崖之剑,10,120,地面
667968c33d53642023bdb7b2,100,物理,从天空中急速下降攻击对手。自己的防御和特防会降低。,6,620,Dragon Ascent,ガリョウテンセイ,画龙点睛,5,120,飞行
667968c33d53642023bdb7b3,—,物理,用许多手臂，无视对手的守住或看穿等招式进行连续攻击，自己的防御会降低。,6,621,Hyperspace Fury,いじげんラッシュ,异次元猛攻,5,100,恶
667968c33d53642023bdb7b4,—,物理,通过Ｚ力量气势猛烈地全力撞上对手。威力会根据原来的招式而改变。,7,622,Breakneck Blitz,ウルトラダッシュアタック,究极无敌大冲撞,1,—,一般
667968c33d53642023bdb7b5,—,特殊,通过Ｚ力量气势猛烈地全力撞上对手。威力会根据原来的招式而改变。,7,623,Breakneck Blitz,ウルトラダッシュアタック,究极无敌大冲撞,1,—,一般
667968c33d53642023bdb7b6,—,物理,通过Ｚ力量制造出能量弹，全力撞向对手。威力会根据原来的招式而改变。,7,624,All-Out Pummeling,ぜんりょくむそうげきれつけん,全力无双激烈拳,1,—,格斗
667968c33d53642023bdb7b7,—,特殊,通过Ｚ力量制造出能量弹，全力撞向对手。威力会根据原来的招式而改变。,7,625,All-Out Pummeling,ぜんりょくむそうげきれつけん,全力无双激烈拳,1,—,格斗
667968c33d53642023bdb7b8,—,物理,通过Ｚ力量猛烈地飞向天空，朝对手全力落下。威力会根据原来的招式而改变。,7,626,Supersonic Skystrike,ファイナルダイブクラッシュ,极速俯冲轰烈撞,1,—,飞行
667968c33d53642023bdb7b9,—,特殊,通过Ｚ力量猛烈地飞向天空，朝对手全力落下。威力会根据原来的招式而改变。,7,627,Supersonic Skystrike,ファイナルダイブクラッシュ,极速俯冲轰烈撞,1,—,飞行
667968c33d53642023bdb7ba,—,物理,通过Ｚ力量使毒沼涌起，全力让对手沉下去。威力会根据原来的招式而改变。,7,628,Acid Downpour,アシッドポイズンデリート,强酸剧毒灭绝雨,1,—,毒
667968c33d53642023bdb7bb,—,特殊,通过Ｚ力量使毒沼涌起，全力让对手沉下去。威力会根据原来的招式而改变。,7,629,Acid Downpour,アシッドポイズンデリート,强酸剧毒灭绝雨,1,—,毒
667968c33d53642023bdb7bc,—,物理,通过Ｚ力量潜入地里最深处，全力撞上对手。威力会根据原来的招式而改变。,7,630,Tectonic Rage,ライジングランドオーバー,地隆啸天大终结,1,—,地面
667968c33d53642023bdb7bd,—,特殊,通过Ｚ力量潜入地里最深处，全力撞上对手。威力会根据原来的招式而改变。,7,631,Tectonic Rage,ライジングランドオーバー,地隆啸天大终结,1,—,地面
667968c33d53642023bdb7be,—,物理,通过Ｚ力量召唤大大的岩山，全力撞向对手。威力会根据原来的招式而改变。,7,632,Continental Crush,ワールズエンドフォール,毁天灭地巨岩坠,1,—,岩石
667968c33d53642023bdb7bf,—,特殊,通过Ｚ力量召唤大大的岩山，全力撞向对手。威力会根据原来的招式而改变。,7,633,Continental Crush,ワールズエンドフォール,毁天灭地巨岩坠,1,—,岩石
667968c33d53642023bdb7c0,—,物理,通过Ｚ力量将吐出的丝线全力束缚对手。威力会根据原来的招式而改变。,7,634,Savage Spin-Out,ぜったいほしょくかいてんざん,绝对捕食回旋斩,1,—,虫
667968c33d53642023bdb7c1,—,特殊,通过Ｚ力量将吐出的丝线全力束缚对手。威力会根据原来的招式而改变。,7,635,Savage Spin-Out,ぜったいほしょくかいてんざん,绝对捕食回旋斩,1,—,虫
667968c33d53642023bdb7c2,—,物理,通过Ｚ力量召唤强烈的怨念，全力降临到对手身上。威力会根据原来的招式而改变。,7,636,Never-Ending Nightmare,むげんあんやへのいざない,无尽暗夜之诱惑,1,—,幽灵
667968c33d53642023bdb7c3,—,特殊,通过Ｚ力量召唤强烈的怨念，全力降临到对手身上。威力会根据原来的招式而改变。,7,637,Never-Ending Nightmare,むげんあんやへのいざない,无尽暗夜之诱惑,1,—,幽灵
667968c33d53642023bdb7c4,—,物理,通过Ｚ力量进行高速旋转，全力撞上对手。威力会根据原来的招式而改变。,7,638,Corkscrew Crash,ちょうぜつらせんれんげき,超绝螺旋连击,1,—,钢
667968c33d53642023bdb7c5,—,特殊,通过Ｚ力量进行高速旋转，全力撞上对手。威力会根据原来的招式而改变。,7,639,Corkscrew Crash,ちょうぜつらせんれんげき,超绝螺旋连击,1,—,钢
667968c33d53642023bdb7c6,—,物理,通过Ｚ力量喷出熊熊烈火，全力撞向对手。威力会根据原来的招式而改变。,7,640,Inferno Overdrive,ダイナミックフルフレイム,超强极限爆焰弹,1,—,火
667968c33d53642023bdb7c7,—,特殊,通过Ｚ力量喷出熊熊烈火，全力撞向对手。威力会根据原来的招式而改变。,7,641,Inferno Overdrive,ダイナミックフルフレイム,超强极限爆焰弹,1,—,火
667968c33d53642023bdb7c8,—,物理,通过Ｚ力量制造大大的潮旋，全力吞没对手。威力会根据原来的招式而改变。,7,642,Hydro Vortex,スーパーアクアトルネード,超级水流大漩涡,1,—,水
667968c33d53642023bdb7c9,—,特殊,通过Ｚ力量制造大大的潮旋，全力吞没对手。威力会根据原来的招式而改变。,7,643,Hydro Vortex,スーパーアクアトルネード,超级水流大漩涡,1,—,水
667968c33d53642023bdb7ca,—,物理,通过Ｚ力量借助花草的能量，全力攻击对手。威力会根据原来的招式而改变。,7,644,Bloom Doom,ブルームシャインエクストラ,绚烂缤纷花怒放,1,—,草
667968c33d53642023bdb7cb,—,特殊,通过Ｚ力量借助花草的能量，全力攻击对手。威力会根据原来的招式而改变。,7,645,Bloom Doom,ブルームシャインエクストラ,绚烂缤纷花怒放,1,—,草
667968c33d53642023bdb7cc,—,物理,通过Ｚ力量将蓄积的强大电流全力撞向对手。威力会根据原来的招式而改变。,7,646,Gigavolt Havoc,スパーキングギガボルト,终极伏特狂雷闪,1,—,电
667968c33d53642023bdb7cd,—,特殊,通过Ｚ力量将蓄积的强大电流全力撞向对手。威力会根据原来的招式而改变。,7,647,Gigavolt Havoc,スパーキングギガボルト,终极伏特狂雷闪,1,—,电
667968c33d53642023bdb7ce,—,物理,通过Ｚ力量操纵对手，全力使其感受到痛苦。威力会根据原来的招式而改变。,7,648,Shattered Psyche,マキシマムサイブレイカー,至高精神破坏波,1,—,超能力
667968c33d53642023bdb7cf,—,特殊,通过Ｚ力量操纵对手，全力使其感受到痛苦。威力会根据原来的招式而改变。,7,649,Shattered Psyche,マキシマムサイブレイカー,至高精神破坏波,1,—,超能力
667968c33d53642023bdb7d0,—,物理,通过Ｚ力量急剧降低气温，全力冰冻对手。威力会根据原来的招式而改变。,7,650,Subzero Slammer,レイジングジオフリーズ,激狂大地万里冰,1,—,冰
667968c33d53642023bdb7d1,—,特殊,通过Ｚ力量急剧降低气温，全力冰冻对手。威力会根据原来的招式而改变。,7,651,Subzero Slammer,レイジングジオフリーズ,激狂大地万里冰,1,—,冰
667968c33d53642023bdb7d2,—,物理,通过Ｚ力量将气场实体化，向对手全力发动袭击。威力会根据原来的招式而改变。,7,652,Devastating Drake,アルティメットドラゴンバーン,究极巨龙震天地,1,—,龙
667968c33d53642023bdb7d3,—,特殊,通过Ｚ力量将气场实体化，向对手全力发动袭击。威力会根据原来的招式而改变。,7,653,Devastating Drake,アルティメットドラゴンバーン,究极巨龙震天地,1,—,龙
667968c33d53642023bdb7d4,—,物理,通过Ｚ力量收集恶能量，全力将对手吸入。威力会根据原来的招式而改变。,7,654,Black Hole Eclipse,ブラックホールイクリプス,黑洞吞噬万物灭,1,—,恶
667968c33d53642023bdb7d5,—,特殊,通过Ｚ力量收集恶能量，全力将对手吸入。威力会根据原来的招式而改变。,7,655,Black Hole Eclipse,ブラックホールイクリプス,黑洞吞噬万物灭,1,—,恶
667968c33d53642023bdb7d6,—,物理,通过Ｚ力量制造魅惑空间，全力捉弄对手。威力会根据原来的招式而改变。,7,656,Twinkle Tackle,ラブリースターインパクト,可爱星星飞天撞,1,—,妖精
667968c33d53642023bdb7d7,—,特殊,通过Ｚ力量制造魅惑空间，全力捉弄对手。威力会根据原来的招式而改变。,7,657,Twinkle Tackle,ラブリースターインパクト,可爱星星飞天撞,1,—,妖精
667968c33d53642023bdb7d8,—,物理,通过Ｚ力量，皮卡丘全身覆盖最强电力，全力猛扑对手。,7,658,Catastropika,ひっさつのピカチュート,皮卡皮卡必杀击,1,210,电
667968c33d53642023bdb7d9,—,变化,回复自己最大ＨＰ的一半。在沙暴中回复得更多。,7,659,Shore Up,すなあつめ,集沙,5,—,地面
667968c33d53642023bdb7da,100,物理,威力很高的招式，但只有在出场战斗时，立刻使出才能成功。,7,660,First Impression,であいがしら,迎头一击,10,90,虫
667968c33d53642023bdb7db,—,变化,防住对手攻击的同时，让接触到自己的对手中毒。,7,661,Baneful Bunker,トーチカ,碉堡,10,—,毒
667968c33d53642023bdb7dc,100,物理,攻击的同时，缝住对手的影子，使其无法逃走。,7,662,Spirit Shackle,かげぬい,缝影,10,80,幽灵
667968c33d53642023bdb7dd,100,物理,旋转双臂打向对手。无视对手的能力变化，直接给予伤害。,7,663,Darkest Lariat,ＤＤラリアット,ＤＤ金勾臂,10,85,恶
667968c33d53642023bdb7de,100,特殊,随着唱歌会放出很多气球。受到此招式攻击时，灼伤会被治愈。,7,664,Sparkling Aria,うたかたのアリア,泡影的咏叹调,10,90,水
667968c33d53642023bdb7df,90,物理,挥舞强力而沉重的拳头，给予对手伤害。自己的速度会降低。,7,665,Ice Hammer,アイスハンマー,冰锤,10,100,冰
667968c33d53642023bdb7e0,—,变化,回复对手最大ＨＰ的一半。在青草场地时，效果会提高。,7,666,Floral Healing,フラワーヒール,花疗,10,—,妖精
667968c33d53642023bdb7e1,95,物理,使出全身力量，猛攻对手。,7,667,High Horsepower,１０まんばりき,十万马力,10,95,地面
667968c33d53642023bdb7e2,100,变化,给自己回复和对手攻击力相同数值的ＨＰ，然后降低对手的攻击。,7,668,Strength Sap,ちからをすいとる,吸取力量,10,—,草
667968c33d53642023bdb7e3,100,物理,第１回合收集满满的日光，第２回合将此力量集中在剑上进行攻击。,7,669,Solar Blade,ソーラーブレード,日光刃,10,125,草
667968c33d53642023bdb7e4,100,物理,将叶片打向对手，进行攻击。,7,670,Leafage,このは,树叶,40,40,草
667968c33d53642023bdb7e5,—,变化,给宝可梦打上聚光灯，该回合只能瞄准该宝可梦。,7,671,Spotlight,スポットライト,聚光灯,15,—,一般
667968c33d53642023bdb7e6,100,变化,将混有毒的丝吐向对手。使其中毒，从而降低对手的速度。,7,672,Toxic Thread,どくのいと,毒丝,20,—,毒
667968c33d53642023bdb7e7,—,变化,集中精神，下次攻击必定会击中要害。,7,673,Laser Focus,とぎすます,磨砺,30,—,一般
667968c33d53642023bdb7e8,—,变化,启动齿轮，提高特性为正电和负电的宝可梦的攻击和特攻。,7,674,Gear Up,アシストギア,辅助齿轮,20,—,钢
667968c33d53642023bdb7e9,100,物理,受到此招式攻击的对手，会因为地狱般的痛苦，在２回合内，变得无法使出声音类招式。,7,675,Throat Chop,じごくづき,深渊突刺,15,80,恶
667968c33d53642023bdb7ea,100,特殊,对敌人使用是会爆炸的团子。对我方使用则是给予回复的团子。,7,676,Pollen Puff,かふんだんご,花粉团,15,90,虫
667968c33d53642023bdb7eb,100,物理,将锚缠住对手进行攻击。使对手无法逃走。,7,677,Anchor Shot,アンカーショット,掷锚,20,80,钢
667968c33d53642023bdb7ec,—,变化,在５回合内，地面上的宝可梦不会受到先制招式的攻击。超能力属性的招式威力会提高。,7,678,Psychic Terrain,サイコフィールド,精神场地,10,—,超能力
667968c33d53642023bdb7ed,100,物理,全力猛扑对手进行攻击。从而降低对手的攻击。,7,679,Lunge,とびかかる,猛扑,15,80,虫
667968c33d53642023bdb7ee,100,物理,用燃烧的鞭子抽打对手。受到攻击的对手防御会降低。,7,680,Fire Lash,ほのおのムチ,火焰鞭,15,80,火
667968c33d53642023bdb7ef,100,物理,耀武扬威地攻击对手，自己的能力提高得越多，威力就越大。,7,681,Power Trip,つけあがる,嚣张,10,20,恶
667968c33d53642023bdb7f0,100,特殊,将自己全身燃烧起火焰来，给予对手大大的伤害。自己的火属性将会消失。,7,682,Burn Up,もえつきる,燃尽,5,130,火
667968c33d53642023bdb7f1,—,变化,将对手和自己的速度进行互换。,7,683,Speed Swap,スピードスワップ,速度互换,10,—,超能力
667968c33d53642023bdb7f2,—,物理,用尖尖的角刺入对手进行攻击。攻击必定会命中。,7,684,Smart Strike,スマートホーン,修长之角,10,70,钢
667968c33d53642023bdb7f3,—,变化,治愈对手的异常状态。治愈后可以回复自己的ＨＰ。,7,685,Purify,じょうか,净化,20,—,毒
667968c33d53642023bdb7f4,100,特殊,全力跳舞进行攻击。此招式的属性将变得和自己的属性相同。,7,686,Revelation Dance,めざめるダンス,觉醒之舞,15,90,一般
667968c33d53642023bdb7f5,100,特殊,如果给予过伤害的对手已经结束行动，其特性就会被消除。,7,687,Core Enforcer,コアパニッシャー,核心惩罚者,10,100,龙
667968c33d53642023bdb7f6,100,物理,向对手使出来自南国的火热脚踢。从而降低对手的攻击。,7,688,Trop Kick,トロピカルキック,热带踢,15,70,草
667968c33d53642023bdb7f7,—,变化,向对手下达指示，让其再次使出刚才的招式。,7,689,Instruct,さいはい,号令,15,—,超能力
667968c33d53642023bdb7f8,100,物理,先加热鸟嘴后再进行攻击。鸟嘴在加热时对手触碰的话，就会使其灼伤。,7,690,Beak Blast,くちばしキャノン,鸟嘴加农炮,15,100,飞行
667968c33d53642023bdb7f9,100,特殊,摩擦全身鳞片，发出响亮的声音进行攻击。攻击后自己的防御会降低。,7,691,Clanging Scales,スケイルノイズ,鳞片噪音,5,110,龙
667968c33d53642023bdb7fa,100,物理,将身体当作锤子，向对手发动袭击，给予伤害。,7,692,Dragon Hammer,ドラゴンハンマー,龙锤,15,90,龙
667968c33d53642023bdb7fb,100,物理,用自己的身体狂舞挥打，给予对手伤害。,7,693,Brutal Swing,ぶんまわす,狂舞挥打,20,60,恶
667968c33d53642023bdb7fc,—,变化,在５回合内减弱物理和特殊的伤害。只有下雪时才能使出。,7,694,Aurora Veil,オーロラベール,极光幕,20,—,冰
667968c33d53642023bdb7fd,—,物理,通过Ｚ力量制造出无数箭的狙射树枭将全力射穿对手进行攻击。,7,695,Sinister Arrow Raid,シャドーアローズストライク,遮天蔽日暗影箭,1,180,幽灵
667968c33d53642023bdb7fe,—,物理,通过Ｚ力量得到强壮肉体的炽焰咆哮虎将全力撞向对手进行攻击。,7,696,Malicious Moonsault,ハイパーダーククラッシャー,极恶飞跃粉碎击,1,180,恶
667968c33d53642023bdb7ff,—,特殊,通过Ｚ力量召唤大量水的西狮海壬将全力攻击对手。,7,697,Oceanic Operetta,わだつみのシンフォニア,海神庄严交响乐,1,195,水
667968c33d53642023bdb800,—,特殊,通过Ｚ力量得到阿罗拉之力的土地神宝可梦将全力进行攻击。对手的剩余HP会减少很多。,7,698,Guardian of Alola,ガーディアン・デ・アローラ,巨人卫士・阿罗拉,1,—,妖精
667968c33d53642023bdb801,—,物理,得到Ｚ力量的玛夏多将全力使出拳头和脚踢的连续招式叩打对手。,7,699,Soul-Stealing 7-Star Strike,しちせいだっこんたい,七星夺魂腿,1,195,幽灵
667968c33d53642023bdb802,—,特殊,得到Ｚ力量的阿罗拉地区的雷丘将全力进行攻击。从而让对手陷入麻痹状态。,7,700,Stoked Sparksurfer,ライトニングサーフライド,驾雷驭电戏冲浪,1,175,电
667968c33d53642023bdb803,—,物理,通过Ｚ力量使得认真起来的卡比兽跃动巨大身躯，全力向对手发动袭击。,7,701,Pulverizing Pancake,ほんきをだす　こうげき,认真起来大爆击,1,210,一般
667968c33d53642023bdb804,—,变化,得到Ｚ力量的伊布将借助进化后伙伴们的力量，大幅提高能力。,7,702,Extreme Evoboost,ナインエボルブースト,九彩昇华齐聚顶,1,—,一般
667968c33d53642023bdb805,—,特殊,得到Ｚ力量的梦幻将全力攻击对手。脚下会变成精神场地。,7,703,Genesis Supernova,オリジンズスーパーノヴァ,起源超新星大爆炸,1,185,超能力
667968c33d53642023bdb806,100,特殊,设下甲壳陷阱。如果对手使出物理招式，陷阱就会爆炸并给予对手伤害。,7,704,Shell Trap,トラップシェル,陷阱甲壳,5,150,火
667968c33d53642023bdb807,90,特殊,放出强力光束后，自己的特攻会大幅降低。,7,705,Fleur Cannon,フルールカノン,花朵加农炮,5,130,妖精
667968c33d53642023bdb808,100,物理,利用精神力量咬住对手进行攻击。还可以破坏光墙和反射壁等。,7,706,Psychic Fangs,サイコファング,精神之牙,10,85,超能力
667968c33d53642023bdb809,100,物理,化悔恨为力量进行攻击。如果上一回合招式没有打中，威力就会翻倍。,7,707,Stomping Tantrum,じだんだ,跺脚,10,75,地面
667968c33d53642023bdb80a,100,物理,用附有灵魂的骨头殴打对手进行攻击。有时会降低对手的防御。,7,708,Shadow Bone,シャドーボーン,暗影之骨,10,85,幽灵
667968c33d53642023bdb80b,100,物理,迅速撞向对手进行攻击。必定能够先制攻击。,7,709,Accelerock,アクセルロック,冲岩,20,40,岩石
667968c33d53642023bdb80c,100,物理,用水之力量撞向对手进行攻击。有时会降低对手的防御。,7,710,Liquidation,アクアブレイク,水流裂破,10,85,水
667968c33d53642023bdb80d,100,特殊,用棱镜的力量发射强烈光线。下一回合自己将无法动弹。,7,711,Prismatic Laser,プリズムレーザー,棱镜镭射,10,160,超能力
667968c33d53642023bdb80e,100,物理,潜入对手的影子进行攻击。会夺取对手的能力提升。,7,712,Spectral Thief,シャドースチール,暗影偷盗,10,90,幽灵
667968c33d53642023bdb80f,100,物理,以流星般的气势猛撞对手。可以无视对手的特性进行攻击。,7,713,Sunsteel Strike,メテオドライブ,流星闪冲,5,100,钢
667968c33d53642023bdb810,100,特殊,放出奇怪的光线攻击对手。可以无视对手的特性进行攻击。,7,714,Moongeist Beam,シャドーレイ,暗影之光,5,100,幽灵
667968c33d53642023bdb811,—,变化,变得泪眼汪汪，让对手丧失斗志。从而降低对手的攻击和特攻。,7,715,Tearful Look,なみだめ,泪眼汪汪,20,—,一般
667968c33d53642023bdb812,100,物理,撞向对手，并发出强电，使其感到麻麻刺刺的。有时会使对手畏缩。,7,716,Zing Zap,びりびりちくちく,麻麻刺刺,10,80,电
667968c33d53642023bdb813,90,特殊,向对手释放自然之怒。对手的ＨＰ会减半。,7,717,Nature's Madness,しぜんのいかり,自然之怒,10,变化,妖精
667968c33d53642023bdb814,100,物理,一边覆盖高能量，一边撞向对手进行攻击。根据存储碟不同，属性会改变。,7,718,Multi-Attack,マルチアタック,多属性攻击,10,120,一般
667968c33d53642023bdb815,—,特殊,戴着帽子的皮卡丘将通过Ｚ力量增强的电击全力释放给对手。容易击中要害。,7,719,"10,000,000 Volt Thunderbolt",１０００まんボルト,千万伏特,1,195,电
667968c33d53642023bdb816,100,特殊,让自己的头爆炸，来攻击周围的一切。自己也会受到伤害。,7,720,Mind Blown,ビックリヘッド,惊爆大头,5,150,火
667968c33d53642023bdb817,100,物理,用覆盖着电流的拳头进行攻击。使一般属性的招式变成电属性。,7,721,Plasma Fists,プラズマフィスト,等离子闪电拳,15,100,电
667968c33d53642023bdb818,100,特殊,用光柱来进行攻击。比较自己的攻击和特攻，用数值相对较高的一项给予对方伤害。,7,722,Photon Geyser,フォトンゲイザー,光子喷涌,5,100,超能力
667968c33d53642023bdb819,—,特殊,得到Ｚ力量的杖尾鳞甲龙将全力攻击对手。并且自己的能力会提高。,7,723,Clangorous Soulblaze,ブレイジングソウルビート,炽魂热舞烈音爆,1,185,龙
667968c33d53642023bdb81a,—,物理,得到Ｚ力量的鬃岩狼人将全力进行攻击。而且会消除场地状态。,7,724,Splintered Stormshards,ラジアルエッジストーム,狼啸石牙飓风暴,1,190,岩石
667968c33d53642023bdb81b,—,物理,得到Ｚ力量的谜拟Ｑ将全力进行乱揍攻击。,7,725,Let's Snuggle Forever,ぽかぼかフレンドタイム,亲密无间大乱揍,1,190,妖精
667968c33d53642023bdb81c,—,物理,得到Ｚ力量的索尔迦雷欧将全力进行攻击。可以无视对手的特性效果。,7,726,Searing Sunraze Smash,サンシャインスマッシャー,日光回旋下苍穹,1,200,钢
667968c33d53642023bdb81d,—,特殊,得到Ｚ力量的露奈雅拉将全力进行攻击。可以无视对手的特性效果。,7,727,Menacing Moonraze Maelstrom,ムーンライトブラスター,月华飞溅落灵霄,1,200,幽灵
667968c33d53642023bdb81e,—,特殊,奈克洛兹玛会无视对手的特性效果，在攻击和特攻之间，用数值相对较高的一项给予对方伤害。,7,728,Light That Burns the Sky,てんこがすめつぼうのひかり,焚天灭世炽光爆,1,200,超能力
667968c33d53642023bdb81f,100,物理,迅猛无比的电击。必定能够先制攻击，击中对方的要害。,7,729,Zippy Zap,ばちばちアクセル,电电加速,15,50,电
667968c33d53642023bdb820,100,特殊,往巨浪中注入电能后冲撞对手进行攻击。有时会让对手陷入麻痹状态。,7,730,Splishy Splash,ざぶざぶサーフ,滔滔冲浪,15,90,水
667968c33d53642023bdb821,95,物理,轻飘飘地浮起来后，再猛地俯冲下去进行攻击。有时会使对手畏缩。,7,731,Floaty Fall,ふわふわフォール,飘飘坠落,15,90,飞行
667968c33d53642023bdb822,—,特殊,皮卡丘越喜欢训练家，电击的威力就越强。攻击必定会命中。,7,732,Pika Papow,ピカピカサンダー,闪闪雷光,20,变化,电
667968c33d53642023bdb823,100,特殊,投掷水球进行攻击。吸水后能回复等同于造成的伤害一半的HP。,7,733,Bouncy Bubble,いきいきバブル,活活气泡,15,90,水
667968c33d53642023bdb824,100,特殊,放出电击攻击对手。让对手陷入麻痹状态。,7,734,Buzzy Buzz,びりびりエレキ,麻麻电击,15,90,电
667968c33d53642023bdb825,100,物理,用燃起大火的身体猛烈地冲撞对手。让对手陷入灼伤状态。,7,735,Sizzly Slide,めらめらバーン,熊熊火爆,15,90,火
667968c33d53642023bdb826,100,特殊,利用念力强攻，粉碎对方信心。制造一道能减弱对手特殊攻击的神奇墙壁。,7,736,Glitzy Glow,どばどばオーラ,哗哗气场,15,90,超能力
667968c33d53642023bdb827,100,特殊,恶行恶相地进行攻击。制造一道能减弱对手物理攻击的神奇墙壁。,7,737,Baddy Bad,わるわるゾーン,坏坏领域,15,90,恶
667968c33d53642023bdb828,100,物理,长出巨大的藤蔓，播撒种子进行攻击。种子每回合都会吸取对手的HP。,7,738,Sappy Seed,すくすくボンバー,茁茁炸弹,15,90,草
667968c33d53642023bdb829,100,特殊,利用冰冷的黑雾结晶进行攻击。使全体宝可梦的能力变回原点。,7,739,Freezy Frost,こちこちフロスト,冰冰霜冻,15,90,冰
667968c33d53642023bdb82a,100,特殊,利用芬芳刺鼻的龙卷风吞噬对方。能治愈我方宝可梦的异常状态。,7,740,Sparkly Swirl,きらきらストーム,亮亮风暴,15,90,妖精
667968c33d53642023bdb82b,—,物理,伊布越喜欢训练家，冲撞的威力就越强。攻击必定会命中。,7,741,Veevee Volley,ブイブイブレイク,砰砰击破,20,变化,一般
667968c33d53642023bdb82c,100,物理,以胸口的螺帽为中心旋转，并连续２次挥动手臂打击对手。有时会使对手畏缩。,7,742,Double Iron Bash,ダブルパンツァー,钢拳双击,5,60,钢
667968c33d53642023bdb82d,—,变化,完全抵挡对手的攻击。连续使出则容易失败。,8,743,Max Guard,ダイウォール,极巨防壁,—,—,一般
667968c33d53642023bdb82e,100,特殊,将凝缩在体内的能量从核心放出进行攻击。,8,744,Dynamax Cannon,ダイマックスほう,极巨炮,5,100,龙
667968c33d53642023bdb82f,100,特殊,能无视具有吸引对手招式效果的特性或招式的影响。可以向选定的对手进行攻击。,8,745,Snipe Shot,ねらいうち,狙击,15,80,水
667968c33d53642023bdb830,100,物理,使双方直到一方昏厥为止无法替换宝可梦。其中一方退场则可以解除效果。,8,746,Jaw Lock,くらいつく,紧咬不放,10,80,恶
667968c33d53642023bdb831,—,变化,吃掉携带的树果，大幅提高防御。,8,747,Stuff Cheeks,ほおばる,大快朵颐,10,—,一般
667968c33d53642023bdb832,—,变化,提高自己的所有能力，但无法替换或逃走。,8,748,No Retreat,はいすいのじん,背水一战,5,—,格斗
667968c33d53642023bdb833,100,变化,泼洒黏糊糊的沥青，降低对手的速度。火属性会变成对手的弱点。,8,749,Tar Shot,タールショット,沥青射击,15,—,岩石
667968c33d53642023bdb834,100,变化,向对手喷洒魔法粉，使对手变为超能力属性。,8,750,Magic Powder,まほうのこな,魔法粉,20,—,超能力
667968c33d53642023bdb835,100,物理,让多龙梅西亚进行２次攻击。如果对手有２只宝可梦，则对它们各进行１次攻击。,8,751,Dragon Darts,ドラゴンアロー,龙箭,10,50,龙
667968c33d53642023bdb836,—,变化,举办一场茶会，场上的所有宝可梦都会吃掉自己携带的树果。,8,752,Teatime,おちゃかい,茶会,10,—,一般
667968c33d53642023bdb837,100,变化,让对手无法逃走。对手被固定后，每回合都会降低防御和特防。,8,753,Octolock,たこがため,蛸固,15,—,格斗
667968c33d53642023bdb838,100,物理,用带电的喙啄刺对手。如果比对手先出手攻击，招式的威力会变成２倍。,8,754,Bolt Beak,でんげきくちばし,电喙,10,85,电
667968c33d53642023bdb839,100,物理,用坚硬的腮咬住对手。如果比对手先出手攻击，招式的威力会变成２倍。,8,755,Fishious Rend,エラがみ,鳃咬,10,85,水
667968c33d53642023bdb83a,100,变化,用神奇的力量交换双方的场地效果。,8,756,Court Change,コートチェンジ,换场,10,—,一般
667968c33d53642023bdb83b,—,极巨,极巨化宝可梦使出的火属性攻击。可在５回合内让日照变得强烈。,8,757,Max Flare,ダイバーン,极巨火爆,—,—,火
667968c33d53642023bdb83c,—,极巨,极巨化宝可梦使出的虫属性攻击。会降低对手的特攻。,8,758,Max Flutterby,ダイワーム,极巨虫蛊,—,—,虫
667968c33d53642023bdb83d,—,极巨,极巨化宝可梦使出的电属性攻击。可在５回合内将脚下变成电气场地。,8,759,Max Lightning,ダイサンダー,极巨闪电,—,—,电
667968c33d53642023bdb83e,—,极巨,极巨化宝可梦使出的一般属性攻击。会降低对手的速度。,8,760,Max Strike,ダイアタック,极巨攻击,—,—,一般
667968c33d53642023bdb83f,—,极巨,极巨化宝可梦使出的格斗属性攻击。会提高我方的攻击。,8,761,Max Knuckle,ダイナックル,极巨拳斗,—,—,格斗
667968c33d53642023bdb840,—,极巨,极巨化宝可梦使出的幽灵属性攻击。会降低对手的防御。,8,762,Max Phantasm,ダイホロウ,极巨幽魂,—,—,幽灵
667968c33d53642023bdb841,—,极巨,极巨化宝可梦使出的冰属性攻击。在５回合内会下雪。,8,763,Max Hailstorm,ダイアイス,极巨寒冰,—,—,冰
667968c33d53642023bdb842,—,极巨,极巨化宝可梦使出的毒属性攻击。会提高我方的特攻。,8,764,Max Ooze,ダイアシッド,极巨酸毒,—,—,毒
667968c33d53642023bdb843,—,极巨,极巨化宝可梦使出的水属性攻击。可在５回合内降下大雨。,8,765,Max Geyser,ダイストリーム,极巨水流,—,—,水
667968c33d53642023bdb844,—,极巨,极巨化宝可梦使出的飞行属性攻击。会提高我方的速度。,8,766,Max Airstream,ダイジェット,极巨飞冲,—,—,飞行
667968c33d53642023bdb845,—,极巨,极巨化宝可梦使出的妖精属性攻击。可在５回合内将脚下变成薄雾场地。,8,767,Max Starfall,ダイフェアリー,极巨妖精,—,—,妖精
667968c33d53642023bdb846,—,极巨,极巨化宝可梦使出的龙属性攻击。会降低对手的攻击。,8,768,Max Wyrmwind,ダイドラグーン,极巨龙骑,—,—,龙
667968c33d53642023bdb847,—,极巨,极巨化宝可梦使出的超能力属性攻击。可在５回合内将脚下变成精神场地。,8,769,Max Mindstorm,ダイサイコ,极巨超能,—,—,超能力
667968c33d53642023bdb848,—,极巨,极巨化宝可梦使出的岩石属性攻击。可在５回合内卷起沙暴。,8,770,Max Rockfall,ダイロック,极巨岩石,—,—,岩石
667968c33d53642023bdb849,—,极巨,极巨化宝可梦使出的地面属性攻击。会提高我方的特防。,8,771,Max Quake,ダイアース,极巨大地,—,—,地面
667968c33d53642023bdb84a,—,极巨,极巨化宝可梦使出的恶属性攻击。会降低对手的特防。,8,772,Max Darkness,ダイアーク,极巨恶霸,—,—,恶
667968c33d53642023bdb84b,—,极巨,极巨化宝可梦使出的草属性攻击。可在５回合内将脚下变成青草场地。,8,773,Max Overgrowth,ダイソウゲン,极巨草原,—,—,草
667968c33d53642023bdb84c,—,极巨,极巨化宝可梦使出的钢属性攻击。会提高我方的防御。,8,774,Max Steelspike,ダイスチル,极巨钢铁,—,—,钢
667968c33d53642023bdb84d,100,变化,削减少许自己的ＨＰ，使所有能力都提高。,8,775,Clangorous Soul,ソウルビート,魂舞烈音爆,5,—,龙
667968c33d53642023bdb84e,100,物理,用身体撞向对手进行攻击。防御越高，给予的伤害就越高。,8,776,Body Press,ボディプレス,扑击,10,80,格斗
667968c33d53642023bdb84f,—,变化,通过装饰，大幅提高对方的攻击和特攻。,8,777,Decorate,デコレーション,装饰,15,—,妖精
667968c33d53642023bdb850,100,物理,用鼓点来控制鼓的根部进行攻击，从而降低对手的速度。,8,778,Drum Beating,ドラムアタック,鼓击,10,80,草
667968c33d53642023bdb851,100,物理,使用捕兽夹，在４～５回合内，夹住对手进行攻击。,8,779,Snap Trap,トラバサミ,捕兽夹,15,35,草
667968c33d53642023bdb852,90,物理,点燃小石子，形成火球攻击对手。有时会使对手陷入灼伤状态。,8,780,Pyro Ball,かえんボール,火焰球,5,120,火
667968c33d53642023bdb853,100,物理,以全身力气举起强大的剑，猛烈地劈向对手进行攻击。,8,781,Behemoth Blade,きょじゅうざん,巨兽斩,5,100,钢
667968c33d53642023bdb854,100,物理,将全身变化为坚固的盾，猛烈地撞向对手进行攻击。,8,782,Behemoth Bash,きょじゅうだん,巨兽弹,5,100,钢
667968c33d53642023bdb855,100,物理,用储存在颊囊里的能量进行攻击，并提高自己的速度。其属性会随着莫鲁贝可的样子而改变。,8,783,Aura Wheel,オーラぐるま,气场轮,10,110,电
667968c33d53642023bdb856,100,物理,用坚韧的尾巴猛扫对手进行攻击，从而降低对手的攻击。,8,784,Breaking Swipe,ワイドブレイカー,广域破坏,15,60,龙
667968c33d53642023bdb857,100,物理,使用尖锐的树枝刺向对手进行攻击。,8,785,Branch Poke,えだづき,木枝突刺,40,40,草
667968c33d53642023bdb858,100,特殊,奏响吉他和贝斯，释放出发出巨响的剧烈震动攻击对手。,8,786,Overdrive,オーバードライブ,破音,10,80,电
667968c33d53642023bdb859,100,特殊,使用从酸苹果中提取出来的酸性液体进行攻击。降低对手的特防。,8,787,Apple Acid,りんごさん,苹果酸,10,80,草
667968c33d53642023bdb85a,100,物理,从高处落下苹果，给予对手伤害。可降低对手的防御。,8,788,Grav Apple,Ｇのちから,万有引力,10,80,草
667968c33d53642023bdb85b,100,物理,用足以让对手一蹶不振的气势进行攻击。会降低对手的特攻。,8,789,Spirit Break,ソウルクラッシュ,灵魂冲击,15,75,妖精
667968c33d53642023bdb85c,95,特殊,喷出烟雾攻击对手。有时会使对手混乱。,8,790,Strange Steam,ワンダースチーム,神奇蒸汽,10,90,妖精
667968c33d53642023bdb85d,—,变化,喷洒出神奇的水，回复自己和场上同伴的ＨＰ。,8,791,Life Dew,いのちのしずく,生命水滴,10,—,水
667968c33d53642023bdb85e,100,变化,完全抵挡对手的攻击。连续使出则容易失败。一旦触碰，防御就会大幅降低。,8,792,Obstruct,ブロッキング,拦堵,10,—,恶
667968c33d53642023bdb85f,—,物理,装作低头认错的样子，用凌乱的头发进行突刺。攻击必定会命中。,8,793,False Surrender,どげざつき,假跪真撞,10,80,恶
667968c33d53642023bdb860,100,物理,大力挥舞粗壮的茎进行攻击。但同时自己也会被晃晕，下一回合自己将无法动弹。,8,794,Meteor Assault,スターアサルト,流星突击,5,150,格斗
667968c33d53642023bdb861,90,特殊,无极汰那变回原来的样子后，发动的最强攻击。下一回合自己将无法动弹。,8,795,Eternabeam,ムゲンダイビーム,无极光束,5,160,龙
667968c33d53642023bdb862,95,特殊,将从全身聚集的钢铁化为光束，激烈地发射出去。自己也会受到伤害。,8,796,Steel Beam,てっていこうせん,铁蹄光线,5,140,钢
667968c33d53642023bdb863,100,特殊,利用精神力量攻击对手。在精神场地上威力会有所提高，能对所有对手造成伤害。,8,797,Expanding Force,ワイドフォース,广域战力,10,80,超能力
667968c33d53642023bdb864,100,物理,在破坏场地的同时攻击对手。如果脚下没有任何场地状态存在，使出此招式时便会失败。,8,798,Steel Roller,アイアンローラー,铁滚轮,5,130,钢
667968c33d53642023bdb865,90,物理,发射鳞片进行攻击。连续攻击２～５次。速度会提高但防御会降低。,8,799,Scale Shot,スケイルショット,鳞射,20,25,龙
667968c33d53642023bdb866,90,特殊,第１回合聚集宇宙之力提高特攻，第２回合攻击对手。,8,800,Meteor Beam,メテオビーム,流星光束,10,120,岩石
667968c33d53642023bdb867,100,特殊,从物理攻击和特殊攻击中选择可造成较多伤害的方式进行攻击。有时会让对手陷入中毒状态。,8,801,Shell Side Arm,シェルアームズ,臂贝武器,10,90,毒
667968c33d53642023bdb868,100,特殊,对自己周围的所有宝可梦进行攻击，但使出后，自己会陷入昏厥。在薄雾场地上，招式威力会提高。,8,802,Misty Explosion,ミストバースト,薄雾炸裂,5,100,妖精
667968c33d53642023bdb869,100,物理,仿佛在地面上滑行般地攻击对手。在青草场地上，必定能够先制攻击。,8,803,Grassy Glide,グラススライダー,青草滑梯,20,55,草
667968c33d53642023bdb86a,100,特殊,用从地面升腾而起的电击进行攻击。当对手处于电气场地上时，招式威力会变成２倍。,8,804,Rising Voltage,ライジングボルト,电力上升,20,70,电
667968c33d53642023bdb86b,100,特殊,借助场地的力量进行攻击。视使出招式时场地状态不同，招式的属性和威力会有所变化。,8,805,Terrain Pulse,だいちのはどう,大地波动,10,50,一般
667968c33d53642023bdb86c,90,物理,从对手背后爬近后进行攻击。会降低对手的特攻。,8,806,Skitter Smack,はいよるいちげき,爬击,10,70,虫
667968c33d53642023bdb86d,100,特殊,用嫉妒的能量攻击对手。会让在该回合内能力有所提高的宝可梦陷入灼伤状态。,8,807,Burning Jealousy,しっとのほのお,妒火,5,70,火
667968c33d53642023bdb86e,100,物理,攻击对手以发泄对其感到的恼怒情绪。如果在该回合内自身能力遭到降低，招式的威力会变成２倍。,8,808,Lash Out,うっぷんばらし,泄愤,5,75,恶
667968c33d53642023bdb86f,90,物理,操纵对手的持有物进行攻击。当对手没有携带道具时，使出此招式时便会失败。,8,809,Poltergeist,ポルターガイスト,灵骚,5,110,幽灵
667968c33d53642023bdb870,—,变化,用具有强酸性的气体包裹住自己周围所有的宝可梦，并融化其所携带的道具。,8,810,Corrosive Gas,ふしょくガス,腐蚀气体,40,—,毒
667968c33d53642023bdb871,—,变化,通过进行正确合理的指导，提高我方全员的攻击和防御。,8,811,Coaching,コーチング,指导,10,—,格斗
667968c33d53642023bdb872,100,物理,在攻击之后急速返回，和后备宝可梦进行替换。,8,812,Flip Turn,クイックターン,快速折返,20,60,水
667968c33d53642023bdb873,90,物理,连续３次踢对手进行攻击。每踢中一次，威力就会提高。,8,813,Triple Axel,トリプルアクセル,三旋击,10,20,冰
667968c33d53642023bdb874,90,物理,将翅膀撞向对手进行攻击。连续２次给予伤害。,8,814,Dual Wingbeat,ダブルウイング,双翼,10,40,飞行
667968c33d53642023bdb875,100,特殊,将滚烫的沙子砸向对手进行攻击。有时会让对手陷入灼伤状态。,8,815,Scorching Sands,ねっさのだいち,热沙大地,10,70,地面
667968c33d53642023bdb876,—,变化,与丛林融为一体，回复自己和场上同伴的ＨＰ和状态。,8,816,Jungle Healing,ジャングルヒール,丛林治疗,10,—,草
667968c33d53642023bdb877,100,物理,将恶之流派修炼至大成的猛烈一击。必定会击中要害。,8,817,Wicked Blow,あんこくきょうだ,暗冥强击,5,75,恶
667968c33d53642023bdb878,100,物理,将水之流派修炼至大成的仿若行云流水般的３次连击。必定会击中要害。,8,818,Surging Strikes,すいりゅうれんだ,水流连打,5,25,水
667968c33d53642023bdb879,90,特殊,将对手困在电流四溅的囚笼中，在４～５回合内进行攻击。,8,819,Thunder Cage,サンダープリズン,雷电囚笼,15,80,电
667968c33d53642023bdb87a,100,特殊,把生命力转换为力量攻击对手。自己的ＨＰ越少，招式的威力越小。,8,820,Dragon Energy,ドラゴンエナジー,巨龙威能,5,150,龙
667968c33d53642023bdb87b,100,特殊,从双眼发射精神力量进行攻击。有时会让对手陷入冰冻状态。,8,821,Freezing Glare,いてつくしせん,冰冷视线,10,90,超能力
667968c33d53642023bdb87c,100,特殊,将愤怒转化为火焰般的气场进行攻击。有时会使对手畏缩。,8,822,Fiery Wrath,もえあがるいかり,怒火中烧,10,90,恶
667968c33d53642023bdb87d,100,物理,以雷电般的动作戏耍对手的同时使出脚踢。可降低对手的防御。,8,823,Thunderous Kick,らいめいげり,雷鸣蹴击,10,90,格斗
667968c33d53642023bdb87e,100,物理,向对手投掷掀起暴风雪的冰矛进行攻击。,8,824,Glacial Lance,ブリザードランス,雪矛,5,120,冰
667968c33d53642023bdb87f,100,特殊,用大量的小灵体向对手发起攻击。,8,825,Astral Barrage,アストラルビット,星碎,5,120,幽灵
667968c33d53642023bdb880,100,特殊,用强大的精神力量攻击。让对手最后使用的招式减少３ＰＰ。,8,826,Eerie Spell,ぶきみなじゅもん,诡异咒语,5,80,超能力
667968c33d53642023bdb881,100,物理,以破灭之爪进行攻击。有时还会让对手陷入中毒、麻痹、睡眠之中的一种状态。,8,827,Dire Claw,フェイタルクロー,克命爪,15,80,毒
667968c33d53642023bdb882,90,物理,让意念的能量覆盖全身，撞向对手进行攻击。会提高自己的防御。,8,828,Psyshield Bash,バリアーラッシュ,屏障猛攻,10,70,超能力
667968c33d53642023bdb883,—,变化,将自己的攻击与防御互相交换。,8,829,Power Shift,パワーシフト,力量转换,10,—,一般
667968c33d53642023bdb884,90,物理,用岩石之斧进行攻击。散落的岩石碎片会飘浮在对手周围。,8,830,Stone Axe,がんせきアックス,岩斧,15,65,岩石
667968c33d53642023bdb885,80,特殊,用交织着爱与恨的烈风席卷对手进行攻击。有时会降低对手的攻击。,8,831,Springtide Storm,はるのあらし,阳春风暴,5,100,妖精
667968c33d53642023bdb886,90,特殊,放出不可思议的力量攻击。会提高自己的特攻。,8,832,Mystical Power,しんぴのちから,神秘之力,10,70,超能力
667968c33d53642023bdb887,100,物理,在２～３回合内，一边放出火焰，一边疯狂乱打。大闹一番后自己会陷入混乱。,8,833,Raging Fury,だいふんげき,大愤慨,10,120,火
667968c33d53642023bdb888,100,物理,让水覆盖全身后撞向对手。自己也会受到不少伤害。,8,834,Wave Crash,ウェーブタックル,波动冲,10,120,水
667968c33d53642023bdb889,95,特殊,将自己的叶绿素凝聚起来后放出去进行攻击。自己也会受到伤害，,8,835,Chloroblast,クロロブラスト,叶绿爆震,5,150,草
667968c33d53642023bdb88a,85,物理,将冰山般巨大的冰块砸向对手进行攻击。有时会使对手畏缩。,8,836,Mountain Gale,ひょうざんおろし,冰山风,10,100,冰
667968c33d53642023bdb88b,—,变化,激烈地跳起唤来胜利的舞蹈，提高自己的攻击、防御和速度。,8,837,Victory Dance,しょうりのまい,胜利之舞,10,—,格斗
667968c33d53642023bdb88c,100,物理,向对手使出灌注了全心全力的撞击。自己的防御和特防会降低。,8,838,Headlong Rush,ぶちかまし,突飞猛扑,5,120,地面
667968c33d53642023bdb88d,100,物理,用无数的毒针进行攻击。有时还会让对手陷入中毒状态。攻击处于中毒状态的对手时，威力会变成２倍。,8,839,Barb Barrage,どくばりセンボン,毒千针,10,60,毒
667968c33d53642023bdb88e,100,特殊,用经过气场强化的翅膀撕裂对手。容易击中要害。会提高自己的速度。,8,840,Esper Wing,オーラウイング,气场之翼,10,80,超能力
667968c33d53642023bdb88f,100,特殊,用令人毛骨悚然的怨念进行攻击。会降低对手的攻击。,8,841,Bitter Malice,うらみつらみ,冤冤相报,10,75,幽灵
667968c33d53642023bdb890,—,变化,将皮肤变得坚硬如铁盾，从而大幅提高自己的防御。,8,842,Shelter,たてこもる,闭关,10,—,钢
667968c33d53642023bdb891,100,物理,使出一记腿技后同时发射３箭。有时会降低对手的防御或使对手畏缩。容易击中要害。,8,843,Triple Arrows,３ぼんのや,三连箭,10,90,格斗
667968c33d53642023bdb892,100,特殊,用无数的火球进行攻击。有时会让对手陷入灼伤状态。攻击处于异常状态的对手时，威力会变成２倍。,8,844,Infernal Parade,ひゃっきやこう,群魔乱舞,15,60,幽灵
667968c33d53642023bdb893,90,物理,用贝壳之剑进行攻击。散落的贝壳碎片会散落在对手脚下成为撒菱。,8,845,Ceaseless Edge,ひけん・ちえなみ,秘剑・千重涛,15,65,恶
667968c33d53642023bdb894,80,特殊,用足以让身心都止不住颤抖的冰冷狂风进行攻击。有时会降低对手的速度。,8,846,Bleakwind Storm,こがらしあらし,枯叶风暴,10,100,飞行
667968c33d53642023bdb895,80,特殊,呼唤雷云引起风暴，用雷与风进行激烈的攻击。有时会让对手陷入麻痹状态。,8,847,Wildbolt Storm,かみなりあらし,鸣雷风暴,10,100,电
667968c33d53642023bdb896,80,特殊,用灼热的沙子和强烈的风席卷对手进行攻击。有时会让对手陷入灼伤状态。,8,848,Sandsear Storm,ねっさのあらし,热沙风暴,10,100,地面
667968c33d53642023bdb897,—,变化,向新月献上祈祷，回复自己和场上同伴的ＨＰ和状态。,8,849,Lunar Blessing,みかづきのいのり,新月祈祷,5,—,超能力
667968c33d53642023bdb898,—,变化,鼓起冲劲，治愈自己的异常状态，同时提高自己的特攻和特防。,8,850,Take Heart,ブレイブチャージ,勇气填充,10,—,超能力
667968c33d53642023bdb899,100,特殊,太晶化时，会放出太晶属性的能量攻击。比较自己的攻击和特攻，用数值相对较高的一项给予对方伤害。（其他属性）／用攻击和特攻数值较高的一项给予伤害。对正处于太晶化的对手效果绝佳。自己的攻击和特攻会降低。（星晶）,9,851,Tera Blast,テラバースト,太晶爆发,10,80,一般
667968c33d53642023bdb89a,—,变化,用丝设置陷阱。防住对方攻击的同时，能够降低所接触到的对手的速度。,9,852,Silk Trap,スレッドトラップ,线阱,10,—,虫
667968c33d53642023bdb89b,90,物理,将踢起的脚跟往下劈向对手进行攻击。有时会使对手混乱。如果劈偏则自己会受到伤害。,9,853,Axe Kick,かかとおとし,下压踢,10,120,格斗
667968c33d53642023bdb89c,100,物理,为了化解伙伴的悔恨而进行攻击。被打倒的我方宝可梦越多，招式的威力越高。,9,854,Last Respects,おはかまいり,扫墓,10,50,幽灵
667968c33d53642023bdb89d,100,特殊,放出连精神都能影响到的奇妙怪光进行攻击。会大幅降低对方的特防。,9,855,Lumina Crash,ルミナコリジョン,琉光冲激,10,80,超能力
667968c33d53642023bdb89e,100,物理,以潇洒的身手进行攻击。若口中有米立龙，会按其样子提高能力。,9,856,Order Up,いっちょうあがり,上菜,10,80,龙
667968c33d53642023bdb89f,100,物理,将激流覆盖于拳头，以肉眼无法辨识的速度打出拳击。必定能够先制攻击。,9,857,Jet Punch,ジェットパンチ,喷射拳,15,60,水
667968c33d53642023bdb8a0,—,变化,放出极为辛辣的精华。对手的攻击会大幅提高，防御会大幅降低。,9,858,Spicy Extract,ハバネロエキス,辣椒精华,15,—,草
667968c33d53642023bdb8a1,100,物理,通过往腿上增加负荷，以激烈的旋转给予对手伤害。自己的速度会大幅降低。,9,859,Spin Out,ホイールスピン,疾速转轮,5,100,钢
667968c33d53642023bdb8a2,90,物理,伙伴们会纷纷赶来集合，以群体行动给予对手攻击。连续命中１～１０次。,9,860,Population Bomb,ネズミざん,鼠数儿,10,20,一般
667968c33d53642023bdb8a3,100,物理,脚上覆盖薄冰，旋转着撞击对手。通过旋转的动作破坏场地。,9,861,Ice Spinner,アイススピナー,冰旋,15,80,冰
667968c33d53642023bdb8a4,100,物理,有勇无谋的舍身突击。使出招式后，对手的攻击必定会命中，且伤害会变成２倍。,9,862,Glaive Rush,きょけんとつげき,巨剑突击,5,120,龙
667968c33d53642023bdb8a5,—,变化,通过以慈爱之心祈祷，让陷入昏厥的后备宝可梦以回复一半ＨＰ的状态复活。,9,863,Revival Blessing,さいきのいのり,复生祈祷,1,—,一般
667968c33d53642023bdb8a6,100,物理,使对手陷入盐腌状态，每回合给予对手伤害。对手为钢或水属性时会更痛苦。,9,864,Salt Cure,しおづけ,盐腌,15,40,岩石
667968c33d53642023bdb8a7,95,物理,以默契的跳跃溅起水花击向对手。连续３次给予伤害。,9,865,Triple Dive,トリプルダイブ,三连钻,10,30,水
667968c33d53642023bdb8a8,100,物理,通过旋转来攻击对手。可以摆脱绑紧、紧束、寄生种子等招式。还能让对手陷入中毒状态。,9,866,Mortal Spin,キラースピン,晶光转转,15,30,毒
667968c33d53642023bdb8a9,100,变化,把握并映射出对手的本质，让自己和同伴宝可梦的特性变得和对手相同。,9,867,Doodle,うつしえ,描绘,10,—,一般
667968c33d53642023bdb8aa,—,变化,削减自己的ＨＰ，大幅提高攻击和特攻以及速度。,9,868,Fillet Away,みをけずる,甩肉,10,—,一般
667968c33d53642023bdb8ab,—,物理,下跪让对手大意后发起袭击劈向对手。攻击必定会命中。,9,869,Kowtow Cleave,ドゲザン,仆刀,10,85,恶
667968c33d53642023bdb8ac,—,物理,将做了手脚的花束扔向对手进行攻击。必定会命中，且会击中要害。,9,870,Flower Trick,トリックフラワー,千变万花,10,70,草
667968c33d53642023bdb8ad,100,特殊,如唱歌一样喷出熊熊燃烧的火焰烧焦对手。会提高自己的特攻。,9,871,Torch Song,フレアソング,闪焰高歌,10,80,火
667968c33d53642023bdb8ae,100,物理,以盈盈欲滴的轻快步伐戏耍对手并给予其伤害。会提高自己的速度。,9,872,Aqua Step,アクアステップ,流水旋舞,10,80,水
667968c43d53642023bdb8af,100,物理,狂怒暴牛的猛烈冲撞。招式的属性随形态改变，光墙和反射壁等招式也能破坏。,9,873,Raging Bull,レイジングブル,怒牛,10,90,一般,,,,,,
667968c43d53642023bdb8b0,100,特殊,扔出大量硬币攻击。自己的特攻会降低，战斗后还可以拿到钱。,9,874,Make It Rain,ゴールドラッシュ,淘金潮,5,120,钢,,,,,,
667968c43d53642023bdb8b1,100,物理,用无形的利刃劈开对手。处于电气场地时，招式威力会变成１．５倍。,9,875,Psyblade,サイコブレイド,精神剑,15,80,超能力,,,,,,
667968c43d53642023bdb8b2,100,特殊,将煮得翻滚的开水猛烈地喷向对手。日照强烈时，招式威力不但不会降低，还会变成１．５倍。,9,876,Hydro Steam,ハイドロスチーム,水蒸气,15,80,水,,,,,,
667968c43d53642023bdb8b3,90,特殊,引发毁灭性的灾厄，使对手的ＨＰ减半。,9,877,Ruination,カタストロフィ,大灾难,10,变化,恶,,,,,,
667968c43d53642023bdb8b4,100,物理,边变形边凶暴地落下，并引发起古老的大爆炸。若针对到弱点，威力会进一步。,9,878,Collision Course,アクセルブレイク,全开猛撞,5,100,格斗,,,,,,
667968c43d53642023bdb8b5,100,特殊,边变形边高速奔走，并以未知的电击贯穿对手。若针对到弱点，威力会进一步。,9,879,Electro Drift,イナズマドライブ,闪电猛冲,5,100,电,,,,,,
667968c43d53642023bdb8b6,—,变化,削减自己的ＨＰ，制造分身后会返回，并和后备宝可梦进行替换。,9,880,Shed Tail,しっぽきり,断尾,10,—,一般,,,,,,
667968c43d53642023bdb8b7,—,变化,留下冷场的冷笑话后，和后备宝可梦进行替换。在５回合内会下雪。,9,881,Chilly Reception,さむいギャグ,冷笑话,10,—,冰,,,,,,
667968c43d53642023bdb8b8,—,变化,将撒菱、隐形岩、黏黏网、毒菱、替身全部扫除掉。自己的攻击和速度会提高。,9,882,Tidy Up,おかたづけ,大扫除,10,—,一般,,,,,,
667968c43d53642023bdb8b9,—,变化,在５回合内会下雪。冰属性的防御会提高。,9,883,Snowscape,ゆきげしき,雪景,10,—,冰,,,,,,
667968c43d53642023bdb8ba,100,物理,飞扑向对手攻击。会降低对手的速度。,9,884,Pounce,とびつく,虫扑,20,50,虫,,,,,,
667968c43d53642023bdb8bb,100,物理,跳出草丛进行攻击。通过轻快的步伐会提高自己的速度。,9,885,Trailblaze,くさわけ,起草,20,50,草,,,,,,
667968c43d53642023bdb8bc,100,特殊,泼洒冰冷得足以让对手失去活力的水进行攻击。会降低对手的攻击。,9,886,Chilling Water,ひやみず,泼冷水,20,50,水,,,,,,
667968c43d53642023bdb8bd,100,物理,急速旋转尖锐的身体部位贯穿对手。可以无视守住和看穿等招式。,9,887,Hyper Drill,ハイパードリル,强力钻,5,100,一般,,,,,,
667968c43d53642023bdb8be,100,特殊,从两眼发射出神奇的光线攻击。连续２次给予伤害。,9,888,Twin Beam,ツインビーム,双光束,10,40,超能力,,,,,,
667968c43d53642023bdb8bf,100,物理,将愤怒化为力量攻击。受到攻击的次数越多，招式的威力越高。,9,889,Rage Fist,ふんどのこぶし,愤怒之拳,10,50,幽灵,,,,,,
667968c43d53642023bdb8c0,100,特殊,熊熊燃烧自己的铠甲，将其做成炮弹射出攻击。自己的防御和特防会降低。,9,890,Armor Cannon,アーマーキャノン,铠农炮,5,120,火,,,,,,
667968c43d53642023bdb8c1,100,物理,将对世间的留恋聚集于剑尖，并斩击对手。可以回复给予对手伤害的一半ＨＰ。,9,891,Bitter Blade,むねんのつるぎ,悔念剑,10,90,火,,,,,,
667968c43d53642023bdb8c2,100,物理,将全身所有的电力放出，给予对手大大的伤害。自己的电属性将会消失。,9,892,Double Shock,でんこうそうげき,电光双击,5,120,电,,,,,,
667968c43d53642023bdb8c3,100,物理,连同身体转起巨大的锤子进行攻击。这个招式无法连续使出２次。,9,893,Gigaton Hammer,デカハンマー,巨力锤,5,160,钢,,,,,,
667968c43d53642023bdb8c4,100,物理,使出招式前，将最后受到的招式的伤害大力返还给对手。,9,894,Comeuppance,ほうふく,复仇,10,变化,恶,,,,,,
667968c43d53642023bdb8c5,100,物理,如刀刃般喷射出加压的水切开对手。容易击中要害。,9,895,Aqua Cutter,アクアカッター,水波刀,20,70,水,,,,,,
667968c43d53642023bdb8c6,100,物理,―――,9,896,Blazing Torque,バーンアクセル,灼热暴冲,10,80,火,,,,,,
667968c43d53642023bdb8c7,100,物理,―――,9,897,Wicked Torque,ダークアクセル,黑暗暴冲,10,80,恶,,,,,,
667968c43d53642023bdb8c8,100,物理,―――,9,898,Noxious Torque,ポイズンアクセル,剧毒暴冲,10,100,毒,,,,,,
667968c43d53642023bdb8c9,100,物理,―――,9,899,Combat Torque,ファイトアクセル,格斗暴冲,10,100,格斗,,,,,,
667968c43d53642023bdb8ca,100,物理,―――,9,900,Magical Torque,マジカルアクセル,魔法暴冲,10,100,妖精,,,,,,
667968c43d53642023bdb8cb,100,特殊,从赤红如血的满月发射出全部的气势。这个招式无法连续使出２次。,9,901,Blood Moon,ブラッドムーン,血月,5,140,一般,,,,,,
667968c43d53642023bdb8cc,90,特殊,发射经搅拌的茶的大炮，可以回复给予对手伤害的一半ＨＰ，有时会让对手陷入灼伤状态。,9,902,Matcha Gotcha,シャカシャカほう,刷刷茶炮,15,80,草,,,,,,
667968c43d53642023bdb8cd,85,特殊,使粘稠的麦芽糖浆爆炸，让对手陷入满身糖状态，在３回合内持续降低其速度。,9,903,Syrup Bomb‎,みずあめボム‎,糖浆炸弹,10,60,草,,,,,,
667968c43d53642023bdb8ce,100,物理,用缠有藤蔓的棍棒殴打。属性会随所戴的面具而改变。容易击中要害。,9,904,Ivy Cudgel,ツタこんぼう,棘藤棒,10,100,草,,,,,,
667968c43d53642023bdb8cf,100,特殊,第１回合收集电力提高特攻，第２回合将高压的电力发射出去。下雨天气时能立刻发射。,9,905,Electro Shot,エレクトロビーム,电光束,10,130,电,,,,,,
667968c43d53642023bdb8d0,100,特殊,照射出结晶的力量来驱逐敌人。太乐巴戈斯在星晶形态下使出时，能对所有对手造成伤害。,9,906,Tera Starstorm,テラクラスター,晶光星群,5,120,一般,,,,,,
667968c43d53642023bdb8d1,100,特殊,发射光线进行攻击。有时其他的头也会合力发射镭射，让招式威力变成２倍。,9,907,Fickle Beam,きまぐレーザー,随机光,5,80,龙,,,,,,
667968c43d53642023bdb8d2,—,变化,用超高温的体毛防住对手攻击的同时，让接触到自己的对手灼伤。,9,908,Burning Bulwark,かえんのまもり,火焰守护,10,—,火,,,,,,
667968c43d53642023bdb8d3,100,特殊,可以比对手先使出电击进行攻击。对手使出的招式如果不是攻击招式则会失败。,9,909,Thunderclap,じんらい,迅雷,5,70,电,,,,,,
667968c43d53642023bdb8d4,100,物理,用积蓄在头部的光来斩切对手。可以无视守护进行攻击。,9,910,Mighty Cleave,パワフルエッジ,强刃攻击,5,95,岩石,,,,,,
667968c43d53642023bdb8d5,—,特殊,接连发射出粒子的利刃，连续２次给予伤害。攻击必定会命中。,9,911,Tachyon Cutter,タキオンカッター,迅子利刃,10,50,钢,,,,,,
667968c43d53642023bdb8d6,100,物理,用手臂或钳子压迫对手。对手剩余的ＨＰ越多，威力越大。,9,912,Hard Press,ハードプレス,硬压,10,变化,钢,,,,,,
667968c43d53642023bdb8d7,—,变化,以龙之鼓舞提高士气，让我方的招式变得容易击中要害。对龙属性的鼓舞效果会更强。,9,913,Dragon Cheer,ドラゴンエール,龙声鼓舞,15,—,龙,,,,,,
667968c43d53642023bdb8d8,100,特殊,用天使般的歌声攻击对手。会让此回合内能力有提高的宝可梦陷入混乱状态。,9,914,Alluring Voice,みわくのボイス,魅诱之声,10,80,妖精,,,,,,
667968c43d53642023bdb8d9,100,物理,以自暴自弃的气势进行攻击。如果上一回合招式没有命中，威力就会翻倍。,9,915,Temper Flare,やけっぱち,豁出去,10,75,火,,,,,,
667968c43d53642023bdb8da,95,物理,让身体带电后压向对手。如果没有命中则自己会受到伤害。,9,916,Supercell Slam,サンダーダイブ,闪电强袭,15,100,电,,,,,,
667968c43d53642023bdb8db,100,特殊,用令对手不舒服的音波进行攻击。让对手在２回合内无法通过招式、特性或携带的道具回复ＨＰ。,9,917,Psychic Noise,サイコノイズ,精神噪音,10,75,超能力,,,,,,
667968c43d53642023bdb8dc,100,物理,察觉到对手的动作后用掌根攻击，让对手畏缩。如果对手使出的招式不是先制攻击，则会失败。,9,918,Upper Hand,はやてがえし,快手还击,15,65,格斗,,,,,,
667968c43d53642023bdb8dd,100,特殊,用由毒形成的锁链缠住对手注入毒素加以侵蚀。有时会让对手陷入剧毒状态。,9,919,Malignant Chain,じゃどくのくさり,邪毒锁链,5,100,毒,,,,,,
667968c43d53642023bdb8de,,,,1,2,,,妙蛙草,,,,茂盛,叶绿素,"",无,草,毒
667968c43d53642023bdb8df,,,,1,3,,,妙蛙花,,,,茂盛,叶绿素,"",无,草,毒
667968c43d53642023bdb8e0,,,,1,3,,,妙蛙花超级妙蛙花,,,,厚脂肪,"",超级妙蛙花,无,草,毒
667968c43d53642023bdb8e1,,,,1,4,,,小火龙,,,,猛火,太阳之力,"",无,火,""
667968c43d53642023bdb8e2,,,,1,5,,,火恐龙,,,,猛火,太阳之力,"",无,火,""
667968c43d53642023bdb8e3,,,,1,6,,,喷火龙,,,,猛火,太阳之力,"",无,火,飞行
667968c43d53642023bdb8e4,,,,1,6,,,喷火龙超级喷火龙Ｘ,,,,硬爪,"",超级喷火龙Ｘ,无,火,龙
667968c43d53642023bdb8e5,,,,1,6,,,喷火龙超级喷火龙Ｙ,,,,日照,"",超级喷火龙Ｙ,无,火,飞行
667968c43d53642023bdb8e6,,,,1,7,,,杰尼龟,,,,激流,雨盘,"",无,水,""
667968c43d53642023bdb8e7,,,,1,8,,,卡咪龟,,,,激流,雨盘,"",无,水,""
667968c43d53642023bdb8e8,,,,1,9,,,水箭龟,,,,激流,雨盘,"",无,水,""
667968c43d53642023bdb8e9,,,,1,9,,,水箭龟超级水箭龟,,,,超级发射器,"",超级水箭龟,无,水,""
667968c43d53642023bdb8ea,,,,1,10,,,绿毛虫,,,,鳞粉,逃跑,"",无,虫,""
667968c43d53642023bdb8eb,,,,1,11,,,铁甲蛹,,,,蜕皮,"","",无,虫,""
667968c43d53642023bdb8ec,,,,1,12,,,巴大蝶,,,,复眼,有色眼镜,"",无,虫,飞行
667968c43d53642023bdb8ed,,,,1,13,,,独角虫,,,,鳞粉,逃跑,"",无,虫,毒
667968c43d53642023bdb8ee,,,,1,14,,,铁壳蛹,,,,蜕皮,"","",无,虫,毒
667968c43d53642023bdb8ef,,,,1,15,,,大针蜂,,,,虫之预感,狙击手,"",无,虫,毒
667968c43d53642023bdb8f0,,,,1,15,,,大针蜂超级大针蜂,,,,适应力,"",超级大针蜂,无,虫,毒
667968c43d53642023bdb8f1,,,,1,16,,,波波,,,,锐利目光,健壮胸肌,"",无,一般,飞行
667968c43d53642023bdb8f2,,,,1,17,,,比比鸟,,,,锐利目光,健壮胸肌,"",无,一般,飞行
667968c43d53642023bdb8f3,,,,1,18,,,大比鸟,,,,锐利目光,健壮胸肌,"",无,一般,飞行
667968c43d53642023bdb8f4,,,,1,18,,,大比鸟超级大比鸟,,,,无防守,"",超级大比鸟,无,一般,飞行
667968c43d53642023bdb8f5,,,,1,19,,,小拉达,,,,逃跑,活力,"",无,一般,""
667968c43d53642023bdb8f6,,,,1,19,,,小拉达阿罗拉的样子,,,,贪吃鬼,厚脂肪,阿罗拉的样子,无,恶,一般
667968c43d53642023bdb8f7,,,,1,20,,,拉达,,,,逃跑,活力,"",无,一般,""
667968c43d53642023bdb8f8,,,,1,20,,,拉达阿罗拉的样子,,,,贪吃鬼,厚脂肪,阿罗拉的样子,无,恶,一般
667968c43d53642023bdb8f9,,,,1,21,,,烈雀,,,,锐利目光,狙击手,"",无,一般,飞行
667968c43d53642023bdb8fa,,,,1,22,,,大嘴雀,,,,锐利目光,狙击手,"",无,一般,飞行
667968c43d53642023bdb8fb,,,,1,23,,,阿柏蛇,,,,威吓,紧张感,"",无,毒,""
667968c43d53642023bdb8fc,,,,1,24,,,阿柏怪,,,,威吓,紧张感,"",无,毒,""
667968c43d53642023bdb8fd,,,,1,25,,,皮卡丘,,,,静电,避雷针,"",无,电,""
667968c43d53642023bdb8fe,,,,1,25,,,皮卡丘换装皮卡丘,,,,无,避雷针,换装皮卡丘,无,电,""
667968c43d53642023bdb8ff,,,,1,25,,,皮卡丘戴着帽子的皮卡丘,,,,静电,"",戴着帽子的皮卡丘,无,电,""
667968c43d53642023bdb900,,,,1,26,,,雷丘,,,,静电,避雷针,"",无,电,""
667968c43d53642023bdb901,,,,1,26,,,雷丘阿罗拉的样子,,,,冲浪之尾,"",阿罗拉的样子,无,电,超能力
667968c43d53642023bdb902,,,,1,27,,,穿山鼠,,,,沙隐,拨沙,"",无,地面,""
667968c43d53642023bdb903,,,,1,27,,,穿山鼠阿罗拉的样子,,,,雪隐,拨雪,阿罗拉的样子,无,冰,钢
667968c43d53642023bdb904,,,,1,28,,,穿山王,,,,沙隐,拨沙,"",无,地面,""
667968c43d53642023bdb905,,,,1,28,,,穿山王阿罗拉的样子,,,,雪隐,拨雪,阿罗拉的样子,无,冰,钢
667968c43d53642023bdb906,,,,1,29,,,尼多兰,,,,毒刺,活力,"",无,毒,""
667968c43d53642023bdb907,,,,1,30,,,尼多娜,,,,毒刺,活力,"",无,毒,""
667968c43d53642023bdb908,,,,1,31,,,尼多后,,,,毒刺,强行,"",无,毒,地面
667968c43d53642023bdb909,,,,1,32,,,尼多朗,,,,毒刺,活力,"",无,毒,""
667968c43d53642023bdb90a,,,,1,33,,,尼多力诺,,,,毒刺,活力,"",无,毒,""
667968c43d53642023bdb90b,,,,1,34,,,尼多王,,,,毒刺,强行,"",无,毒,地面
667968c43d53642023bdb90c,,,,1,35,,,皮皮,,,,迷人之躯,友情防守,"",无,妖精,""
667968c43d53642023bdb90d,,,,1,36,,,皮可西,,,,迷人之躯,纯朴,"",无,妖精,""
667968c43d53642023bdb90e,,,,1,37,,,六尾,,,,引火,日照,"",无,火,""
667968c43d53642023bdb90f,,,,1,37,,,六尾阿罗拉的样子,,,,雪隐,降雪,阿罗拉的样子,无,冰,""
667968c43d53642023bdb910,,,,1,38,,,九尾,,,,引火,日照,"",无,火,""
667968c43d53642023bdb911,,,,1,38,,,九尾阿罗拉的样子,,,,雪隐,降雪,阿罗拉的样子,无,冰,妖精
667968c43d53642023bdb912,,,,1,39,,,胖丁,,,,迷人之躯,友情防守,"",无,一般,妖精
