667968c43d53642023bdb913,迷人之躯,察觉,"",1,无,40,胖可丁,一般,妖精
667968c43d53642023bdb914,精神力,穿透,"",1,无,41,超音蝠,毒,飞行
667968c43d53642023bdb915,精神力,穿透,"",1,无,42,大嘴蝠,毒,飞行
667968c43d53642023bdb916,叶绿素,逃跑,"",1,无,43,走路草,草,毒
667968c43d53642023bdb917,叶绿素,恶臭,"",1,无,44,臭臭花,草,毒
667968c43d53642023bdb918,叶绿素,孢子,"",1,无,45,霸王花,草,毒
667968c43d53642023bdb919,孢子,湿气,"",1,无,46,派拉斯,虫,草
667968c43d53642023bdb91a,孢子,湿气,"",1,无,47,派拉斯特,虫,草
667968c43d53642023bdb91b,复眼,逃跑,"",1,无,48,毛球,虫,毒
667968c43d53642023bdb91c,鳞粉,奇迹皮肤,"",1,无,49,摩鲁蛾,虫,毒
667968c43d53642023bdb91d,沙隐,沙之力,"",1,无,50,地鼠,地面,""
667968c43d53642023bdb91e,沙隐,沙之力,阿罗拉的样子,1,无,50,地鼠阿罗拉的样子,地面,钢
667968c43d53642023bdb91f,沙隐,沙之力,"",1,无,51,三地鼠,地面,""
667968c43d53642023bdb920,沙隐,沙之力,阿罗拉的样子,1,无,51,三地鼠阿罗拉的样子,地面,钢
667968c43d53642023bdb921,捡拾,紧张感,"",1,无,52,喵喵,一般,""
667968c43d53642023bdb922,捡拾,胆怯,阿罗拉的样子,1,无,52,喵喵阿罗拉的样子,恶,""
667968c43d53642023bdb923,捡拾,紧张感,伽勒尔的样子,1,无,52,喵喵伽勒尔的样子,钢,""
667968c43d53642023bdb924,柔软,紧张感,"",1,无,53,猫老大,一般,""
667968c43d53642023bdb925,毛皮大衣,胆怯,阿罗拉的样子,1,无,53,猫老大阿罗拉的样子,恶,""
667968c43d53642023bdb926,湿气,悠游自如,"",1,无,54,可达鸭,水,""
667968c43d53642023bdb927,湿气,悠游自如,"",1,无,55,哥达鸭,水,""
667968c43d53642023bdb928,干劲,不服输,"",1,无,56,猴怪,格斗,""
667968c43d53642023bdb929,干劲,不服输,"",1,无,57,火暴猴,格斗,""
667968c43d53642023bdb92a,威吓,正义之心,"",1,无,58,卡蒂狗,火,""
667968c43d53642023bdb92b,威吓,坚硬脑袋,洗翠的样子,1,无,58,卡蒂狗洗翠的样子,火,岩石
667968c43d53642023bdb92c,威吓,正义之心,"",1,无,59,风速狗,火,""
667968c43d53642023bdb92d,威吓,坚硬脑袋,洗翠的样子,1,无,59,风速狗洗翠的样子,火,岩石
667968c43d53642023bdb92e,储水,悠游自如,"",1,无,60,蚊香蝌蚪,水,""
667968c43d53642023bdb92f,储水,悠游自如,"",1,无,61,蚊香君,水,""
667968c43d53642023bdb930,储水,悠游自如,"",1,无,62,蚊香泳士,水,格斗
667968c43d53642023bdb931,同步,魔法防守,"",1,无,63,凯西,超能力,""
667968c43d53642023bdb932,同步,魔法防守,"",1,无,64,勇基拉,超能力,""
667968c43d53642023bdb933,同步,魔法防守,"",1,无,65,胡地,超能力,""
667968c43d53642023bdb934,复制,"",超级胡地,1,无,65,胡地超级胡地,超能力,""
667968c43d53642023bdb935,毅力,不屈之心,"",1,无,66,腕力,格斗,""
667968c43d53642023bdb936,毅力,不屈之心,"",1,无,67,豪力,格斗,""
667968c43d53642023bdb937,毅力,不屈之心,"",1,无,68,怪力,格斗,""
667968c43d53642023bdb938,叶绿素,贪吃鬼,"",1,无,69,喇叭芽,草,毒
667968c43d53642023bdb939,叶绿素,贪吃鬼,"",1,无,70,口呆花,草,毒
667968c43d53642023bdb93a,叶绿素,贪吃鬼,"",1,无,71,大食花,草,毒
667968c43d53642023bdb93b,恒净之躯,雨盘,"",1,无,72,玛瑙水母,水,毒
667968c43d53642023bdb93c,恒净之躯,雨盘,"",1,无,73,毒刺水母,水,毒
667968c43d53642023bdb93d,坚硬脑袋,沙隐,"",1,无,74,小拳石,岩石,地面
667968c43d53642023bdb93e,磁力,电气皮肤,阿罗拉的样子,1,无,74,小拳石阿罗拉的样子,岩石,电
667968c43d53642023bdb93f,坚硬脑袋,沙隐,"",1,无,75,隆隆石,岩石,地面
667968c43d53642023bdb940,磁力,电气皮肤,阿罗拉的样子,1,无,75,隆隆石阿罗拉的样子,岩石,电
667968c43d53642023bdb941,坚硬脑袋,沙隐,"",1,无,76,隆隆岩,岩石,地面
667968c43d53642023bdb942,磁力,电气皮肤,阿罗拉的样子,1,无,76,隆隆岩阿罗拉的样子,岩石,电
667968c43d53642023bdb943,逃跑,火焰之躯,"",1,无,77,小火马,火,""
667968c43d53642023bdb944,逃跑,危险预知,伽勒尔的样子,1,无,77,小火马伽勒尔的样子,超能力,""
667968c43d53642023bdb945,逃跑,火焰之躯,"",1,无,78,烈焰马,火,""
667968c43d53642023bdb946,逃跑,危险预知,伽勒尔的样子,1,无,78,烈焰马伽勒尔的样子,超能力,妖精
667968c43d53642023bdb947,迟钝,再生力,"",1,无,79,呆呆兽,水,超能力
667968c43d53642023bdb948,贪吃鬼,再生力,伽勒尔的样子,1,无,79,呆呆兽伽勒尔的样子,超能力,""
667968c43d53642023bdb949,迟钝,再生力,"",1,无,80,呆壳兽,水,超能力
667968c43d53642023bdb94a,硬壳盔甲,"",超级呆壳兽,1,无,80,呆壳兽超级呆壳兽,水,超能力
667968c43d53642023bdb94b,速击,再生力,伽勒尔的样子,1,无,80,呆壳兽伽勒尔的样子,毒,超能力
667968c43d53642023bdb94c,磁力,分析,"",1,无,81,小磁怪,电,钢
667968c43d53642023bdb94d,磁力,分析,"",1,无,82,三合一磁怪,电,钢
667968c43d53642023bdb94e,锐利目光,不服输,"",1,无,83,大葱鸭,一般,飞行
667968c43d53642023bdb94f,不屈之心,胆量,伽勒尔的样子,1,无,83,大葱鸭伽勒尔的样子,格斗,""
667968c43d53642023bdb950,逃跑,蹒跚,"",1,无,84,嘟嘟,一般,飞行
667968c43d53642023bdb951,逃跑,蹒跚,"",1,无,85,嘟嘟利,一般,飞行
667968c43d53642023bdb952,厚脂肪,冰冻之躯,"",1,无,86,小海狮,水,""
667968c43d53642023bdb953,厚脂肪,冰冻之躯,"",1,无,87,白海狮,水,冰
667968c43d53642023bdb954,恶臭,毒手,"",1,无,88,臭泥,毒,""
667968c43d53642023bdb955,毒手,化学之力,阿罗拉的样子,1,无,88,臭泥阿罗拉的样子,毒,恶
667968c43d53642023bdb956,恶臭,毒手,"",1,无,89,臭臭泥,毒,""
667968c43d53642023bdb957,毒手,化学之力,阿罗拉的样子,1,无,89,臭臭泥阿罗拉的样子,毒,恶
667968c43d53642023bdb958,硬壳盔甲,防尘,"",1,无,90,大舌贝,水,""
667968c43d53642023bdb959,硬壳盔甲,防尘,"",1,无,91,刺甲贝,水,冰
667968c43d53642023bdb95a,飘浮,"","",1,无,92,鬼斯,幽灵,毒
667968c43d53642023bdb95b,飘浮,"","",1,无,93,鬼斯通,幽灵,毒
667968c43d53642023bdb95c,咒术之躯,"","",1,无,94,耿鬼,幽灵,毒
667968c43d53642023bdb95d,踩影,"",超级耿鬼,1,无,94,耿鬼超级耿鬼,幽灵,毒
667968c43d53642023bdb95e,坚硬脑袋,碎裂铠甲,"",1,无,95,大岩蛇,岩石,地面
667968c43d53642023bdb95f,不眠,精神力,"",1,无,96,催眠貘,超能力,""
667968c43d53642023bdb960,不眠,精神力,"",1,无,97,引梦貘人,超能力,""
667968c43d53642023bdb961,怪力钳,强行,"",1,无,98,大钳蟹,水,""
667968c43d53642023bdb962,怪力钳,强行,"",1,无,99,巨钳蟹,水,""
667968c43d53642023bdb963,隔音,引爆,"",1,无,100,霹雳电球,电,""
667968c43d53642023bdb964,隔音,引爆,洗翠的样子,1,无,100,霹雳电球洗翠的样子,电,草
667968c43d53642023bdb965,隔音,引爆,"",1,无,101,顽皮雷弹,电,""
667968c43d53642023bdb966,隔音,引爆,洗翠的样子,1,无,101,顽皮雷弹洗翠的样子,电,草
667968c43d53642023bdb967,叶绿素,收获,"",1,无,102,蛋蛋,草,超能力
667968c43d53642023bdb968,叶绿素,收获,"",1,无,103,椰蛋树,草,超能力
667968c43d53642023bdb969,察觉,收获,阿罗拉的样子,1,无,103,椰蛋树阿罗拉的样子,草,龙
667968c43d53642023bdb96a,坚硬脑袋,战斗盔甲,"",1,无,104,卡拉卡拉,地面,""
667968c43d53642023bdb96b,坚硬脑袋,战斗盔甲,"",1,无,105,嘎啦嘎啦,地面,""
667968c43d53642023bdb96c,咒术之躯,坚硬脑袋,阿罗拉的样子,1,无,105,嘎啦嘎啦阿罗拉的样子,火,幽灵
667968c43d53642023bdb96d,柔软,轻装,"",1,无,106,飞腿郎,格斗,""
667968c43d53642023bdb96e,锐利目光,精神力,"",1,无,107,快拳郎,格斗,""
667968c43d53642023bdb96f,我行我素,无关天气,"",1,无,108,大舌头,一般,""
667968c43d53642023bdb970,飘浮,恶臭,"",1,无,109,瓦斯弹,毒,""
667968c43d53642023bdb971,飘浮,恶臭,"",1,无,110,双弹瓦斯,毒,""
667968c43d53642023bdb972,飘浮,薄雾制造者,伽勒尔的样子,1,无,110,双弹瓦斯伽勒尔的样子,毒,妖精
667968c43d53642023bdb973,避雷针,舍身,"",1,无,111,独角犀牛,地面,岩石
667968c43d53642023bdb974,避雷针,舍身,"",1,无,112,钻角犀兽,地面,岩石
667968c43d53642023bdb975,自然回复,治愈之心,"",1,无,113,吉利蛋,一般,""
667968c43d53642023bdb976,叶绿素,再生力,"",1,无,114,蔓藤怪,草,""
667968c53d53642023bdb977,早起,精神力,"",1,无,115,袋兽,一般,""
667968c53d53642023bdb978,亲子爱,"",超级袋兽,1,无,115,袋兽超级袋兽,一般,""
667968c53d53642023bdb979,悠游自如,湿气,"",1,无,116,墨海马,水,""
667968c53d53642023bdb97a,毒刺,湿气,"",1,无,117,海刺龙,水,""
667968c53d53642023bdb97b,悠游自如,避雷针,"",1,无,118,角金鱼,水,""
667968c53d53642023bdb97c,悠游自如,避雷针,"",1,无,119,金鱼王,水,""
667968c53d53642023bdb97d,发光,分析,"",1,无,120,海星星,水,""
667968c53d53642023bdb97e,发光,分析,"",1,无,121,宝石海星,水,超能力
667968c53d53642023bdb97f,隔音,技术高手,"",1,无,122,魔墙人偶,超能力,妖精
667968c53d53642023bdb980,干劲,冰冻之躯,伽勒尔的样子,1,无,122,魔墙人偶伽勒尔的样子,冰,超能力
667968c53d53642023bdb981,虫之预感,不屈之心,"",1,无,123,飞天螳螂,虫,飞行
667968c53d53642023bdb982,迟钝,干燥皮肤,"",1,无,124,迷唇姐,冰,超能力
667968c53d53642023bdb983,静电,干劲,"",1,无,125,电击兽,电,""
667968c53d53642023bdb984,火焰之躯,干劲,"",1,无,126,鸭嘴火兽,火,""
667968c53d53642023bdb985,怪力钳,自信过度,"",1,无,127,凯罗斯,虫,""
667968c53d53642023bdb986,飞行皮肤,"",超级凯罗斯,1,无,127,凯罗斯超级凯罗斯,虫,飞行
667968c53d53642023bdb987,威吓,强行,"",1,无,128,肯泰罗,一般,""
667968c53d53642023bdb988,威吓,反刍,帕底亚的样子（斗战种）,1,无,128,肯泰罗帕底亚的样子（斗战种）,格斗,""
667968c53d53642023bdb989,威吓,反刍,帕底亚的样子（火炽种）,1,无,128,肯泰罗帕底亚的样子（火炽种）,格斗,火
667968c53d53642023bdb98a,威吓,反刍,帕底亚的样子（水澜种）,1,无,128,肯泰罗帕底亚的样子（水澜种）,格斗,水
667968c53d53642023bdb98b,悠游自如,胆怯,"",1,无,129,鲤鱼王,水,""
667968c53d53642023bdb98c,威吓,自信过度,"",1,无,130,暴鲤龙,水,飞行
667968c53d53642023bdb98d,破格,"",超级暴鲤龙,1,无,130,暴鲤龙超级暴鲤龙,水,恶
667968c53d53642023bdb98e,储水,湿润之躯,"",1,无,131,拉普拉斯,水,冰
667968c53d53642023bdb98f,柔软,变身者,"",1,无,132,百变怪,一般,""
667968c53d53642023bdb990,逃跑,危险预知,"",1,无,133,伊布,一般,""
667968c53d53642023bdb991,储水,湿润之躯,"",1,无,134,水伊布,水,""
667968c53d53642023bdb992,蓄电,飞毛腿,"",1,无,135,雷伊布,电,""
667968c53d53642023bdb993,引火,毅力,"",1,无,136,火伊布,火,""
667968c53d53642023bdb994,复制,分析,"",1,无,137,多边兽,一般,""
667968c53d53642023bdb995,悠游自如,碎裂铠甲,"",1,无,138,菊石兽,岩石,水
667968c53d53642023bdb996,悠游自如,碎裂铠甲,"",1,无,139,多刺菊石兽,岩石,水
667968c53d53642023bdb997,悠游自如,碎裂铠甲,"",1,无,140,化石盔,岩石,水
667968c53d53642023bdb998,悠游自如,碎裂铠甲,"",1,无,141,镰刀盔,岩石,水
667968c53d53642023bdb999,坚硬脑袋,紧张感,"",1,无,142,化石翼龙,岩石,飞行
667968c53d53642023bdb99a,硬爪,"",超级化石翼龙,1,无,142,化石翼龙超级化石翼龙,岩石,飞行
667968c53d53642023bdb99b,免疫,贪吃鬼,"",1,无,143,卡比兽,一般,""
667968c53d53642023bdb99c,压迫感,雪隐,"",1,无,144,急冻鸟,冰,飞行
667968c53d53642023bdb99d,压迫感,静电,"",1,无,145,闪电鸟,电,飞行
667968c53d53642023bdb99e,压迫感,火焰之躯,"",1,无,146,火焰鸟,火,飞行
667968c53d53642023bdb99f,蜕皮,神奇鳞片,"",1,无,147,迷你龙,龙,""
667968c53d53642023bdb9a0,蜕皮,神奇鳞片,"",1,无,148,哈克龙,龙,""
667968c53d53642023bdb9a1,精神力,多重鳞片,"",1,无,149,快龙,龙,飞行
667968c53d53642023bdb9a2,压迫感,紧张感,"",1,无,150,超梦,超能力,""
667968c53d53642023bdb9a3,不屈之心,"",超级超梦Ｘ,1,无,150,超梦超级超梦Ｘ,超能力,格斗
667968c53d53642023bdb9a4,不眠,"",超级超梦Ｙ,1,无,150,超梦超级超梦Ｙ,超能力,""
667968c53d53642023bdb9a5,同步,"","",1,无,151,梦幻,超能力,""
667968c53d53642023bdb9a6,茂盛,叶子防守,"",2,无,153,月桂叶,草,""
667968c53d53642023bdb9a7,茂盛,叶子防守,"",2,无,154,大竺葵,草,""
667968c53d53642023bdb9a8,猛火,引火,"",2,无,155,火球鼠,火,""
667968c53d53642023bdb9a9,猛火,引火,"",2,无,156,火岩鼠,火,""
667968c53d53642023bdb9aa,猛火,引火,"",2,无,157,火暴兽,火,""
667968c53d53642023bdb9ab,猛火,察觉,洗翠的样子,2,无,157,火暴兽洗翠的样子,火,幽灵
667968c53d53642023bdb9ac,激流,强行,"",2,无,158,小锯鳄,水,""
667968c53d53642023bdb9ad,激流,强行,"",2,无,159,蓝鳄,水,""
667968c53d53642023bdb9ae,激流,强行,"",2,无,160,大力鳄,水,""
667968c53d53642023bdb9af,逃跑,察觉,"",2,无,161,尾立,一般,""
667968c53d53642023bdb9b0,逃跑,察觉,"",2,无,162,大尾立,一般,""
667968c53d53642023bdb9b1,不眠,有色眼镜,"",2,无,163,咕咕,一般,飞行
667968c53d53642023bdb9b2,不眠,有色眼镜,"",2,无,164,猫头夜鹰,一般,飞行
667968c53d53642023bdb9b3,虫之预感,胆怯,"",2,无,165,芭瓢虫,虫,飞行
667968c53d53642023bdb9b4,虫之预感,铁拳,"",2,无,166,安瓢虫,虫,飞行
667968c53d53642023bdb9b5,虫之预感,狙击手,"",2,无,167,圆丝蛛,虫,毒
667968c53d53642023bdb9b6,虫之预感,狙击手,"",2,无,168,阿利多斯,虫,毒
667968c53d53642023bdb9b7,精神力,穿透,"",2,无,169,叉字蝠,毒,飞行
667968c53d53642023bdb9b8,蓄电,储水,"",2,无,170,灯笼鱼,水,电
667968c53d53642023bdb9b9,蓄电,储水,"",2,无,171,电灯怪,水,电
667968c53d53642023bdb9ba,静电,避雷针,"",2,无,172,皮丘,电,""
667968c53d53642023bdb9bb,迷人之躯,友情防守,"",2,无,173,皮宝宝,妖精,""
667968c53d53642023bdb9bc,迷人之躯,友情防守,"",2,无,174,宝宝丁,一般,妖精
667968c53d53642023bdb9bd,活力,超幸运,"",2,无,175,波克比,妖精,""
667968c53d53642023bdb9be,活力,超幸运,"",2,无,176,波克基古,妖精,飞行
667968c53d53642023bdb9bf,同步,魔法镜,"",2,无,177,天然雀,超能力,飞行
667968c53d53642023bdb9c0,同步,魔法镜,"",2,无,178,天然鸟,超能力,飞行
667968c53d53642023bdb9c1,静电,正电,"",2,无,179,咩利羊,电,""
667968c53d53642023bdb9c2,静电,正电,"",2,无,180,茸茸羊,电,""
667968c53d53642023bdb9c3,静电,正电,"",2,无,181,电龙,电,""
667968c53d53642023bdb9c4,破格,"",超级电龙,2,无,181,电龙超级电龙,电,龙
667968c53d53642023bdb9c5,叶绿素,治愈之心,"",2,无,182,美丽花,草,""
667968c53d53642023bdb9c6,厚脂肪,食草,"",2,无,183,玛力露,水,妖精
667968c53d53642023bdb9c7,厚脂肪,食草,"",2,无,184,玛力露丽,水,妖精
667968c53d53642023bdb9c8,结实,胆怯,"",2,无,185,树才怪,岩石,""
667968c53d53642023bdb9c9,储水,降雨,"",2,无,186,蚊香蛙皇,水,""
667968c53d53642023bdb9ca,叶绿素,穿透,"",2,无,187,毽子草,草,飞行
667968c53d53642023bdb9cb,叶绿素,穿透,"",2,无,188,毽子花,草,飞行
667968c53d53642023bdb9cc,叶绿素,穿透,"",2,无,189,毽子棉,草,飞行
667968c53d53642023bdb9cd,逃跑,连续攻击,"",2,无,190,长尾怪手,一般,""
667968c53d53642023bdb9ce,叶绿素,早起,"",2,无,191,向日种子,草,""
667968c53d53642023bdb9cf,叶绿素,早起,"",2,无,192,向日花怪,草,""
667968c53d53642023bdb9d0,加速,察觉,"",2,无,193,蜻蜻蜓,虫,飞行
667968c53d53642023bdb9d1,湿气,纯朴,"",2,无,194,乌波,水,地面
667968c53d53642023bdb9d2,毒刺,纯朴,帕底亚的样子,2,无,194,乌波帕底亚的样子,毒,地面
667968c53d53642023bdb9d3,湿气,纯朴,"",2,无,195,沼王,水,地面
667968c53d53642023bdb9d4,同步,魔法镜,"",2,无,196,太阳伊布,超能力,""
667968c53d53642023bdb9d5,同步,精神力,"",2,无,197,月亮伊布,恶,""
667968c53d53642023bdb9d6,不眠,恶作剧之心,"",2,无,198,黑暗鸦,恶,飞行
667968c53d53642023bdb9d7,迟钝,再生力,"",2,无,199,呆呆王,水,超能力
667968c53d53642023bdb9d8,怪药,再生力,伽勒尔的样子,2,无,199,呆呆王伽勒尔的样子,毒,超能力
667968c53d53642023bdb9d9,飘浮,"","",2,无,200,梦妖,幽灵,""
667968c53d53642023bdb9da,飘浮,"","",2,无,201,未知图腾,超能力,""
667968c53d53642023bdb9db,踩影,心灵感应,"",2,无,202,果然翁,超能力,""
667968c53d53642023bdb9dc,精神力,食草,"",2,无,203,麒麟奇,一般,超能力
667968c53d53642023bdb9dd,结实,防尘,"",2,无,204,榛果球,虫,""
667968c53d53642023bdb9de,结实,防尘,"",2,无,205,佛烈托斯,虫,钢
667968c53d53642023bdb9df,天恩,胆怯,"",2,无,206,土龙弟弟,一般,""
667968c53d53642023bdb9e0,怪力钳,免疫,"",2,无,207,天蝎,地面,飞行
667968c53d53642023bdb9e1,坚硬脑袋,强行,"",2,无,208,大钢蛇,钢,地面
667968c53d53642023bdb9e2,沙之力,"",超级大钢蛇,2,无,208,大钢蛇超级大钢蛇,钢,地面
667968c53d53642023bdb9e3,威吓,胆怯,"",2,无,209,布鲁,妖精,""
667968c53d53642023bdb9e4,威吓,胆怯,"",2,无,210,布鲁皇,妖精,""
667968c53d53642023bdb9e5,毒刺,威吓,"",2,无,211,千针鱼,水,毒
667968c53d53642023bdb9e6,毒刺,威吓,洗翠的样子,2,无,211,千针鱼洗翠的样子,恶,毒
667968c53d53642023bdb9e7,虫之预感,轻金属,"",2,无,212,巨钳螳螂,虫,钢
667968c53d53642023bdb9e8,技术高手,"",超级巨钳螳螂,2,无,212,巨钳螳螂超级巨钳螳螂,虫,钢
667968c53d53642023bdb9e9,结实,唱反调,"",2,无,213,壶壶,虫,岩石
667968c53d53642023bdb9ea,虫之预感,自信过度,"",2,无,214,赫拉克罗斯,虫,格斗
667968c53d53642023bdb9eb,连续攻击,"",超级赫拉克罗斯,2,无,214,赫拉克罗斯超级赫拉克罗斯,虫,格斗
667968c53d53642023bdb9ec,精神力,顺手牵羊,"",2,无,215,狃拉,恶,冰
667968c53d53642023bdb9ed,精神力,顺手牵羊,洗翠的样子,2,无,215,狃拉洗翠的样子,格斗,毒
667968c53d53642023bdb9ee,捡拾,采蜜,"",2,无,216,熊宝宝,一般,""
667968c53d53642023bdb9ef,毅力,紧张感,"",2,无,217,圈圈熊,一般,""
667968c53d53642023bdb9f0,熔岩铠甲,碎裂铠甲,"",2,无,218,熔岩虫,火,""
667968c53d53642023bdb9f1,熔岩铠甲,碎裂铠甲,"",2,无,219,熔岩蜗牛,火,岩石
667968c53d53642023bdb9f2,迟钝,厚脂肪,"",2,无,220,小山猪,冰,地面
667968c53d53642023bdb9f3,迟钝,厚脂肪,"",2,无,221,长毛猪,冰,地面
667968c53d53642023bdb9f4,活力,再生力,"",2,无,222,太阳珊瑚,水,岩石
667968c53d53642023bdb9f5,碎裂铠甲,咒术之躯,伽勒尔的样子,2,无,222,太阳珊瑚伽勒尔的样子,幽灵,""
667968c53d53642023bdb9f6,活力,心情不定,"",2,无,223,铁炮鱼,水,""
667968c53d53642023bdb9f7,吸盘,心情不定,"",2,无,224,章鱼桶,水,""
667968c53d53642023bdb9f8,干劲,不眠,"",2,无,225,信使鸟,冰,飞行
667968c53d53642023bdb9f9,悠游自如,水幕,"",2,无,226,巨翅飞鱼,水,飞行
667968c53d53642023bdb9fa,锐利目光,碎裂铠甲,"",2,无,227,盔甲鸟,钢,飞行
667968c53d53642023bdb9fb,早起,紧张感,"",2,无,228,戴鲁比,恶,火
667968c53d53642023bdb9fc,早起,紧张感,"",2,无,229,黑鲁加,恶,火
667968c53d53642023bdb9fd,太阳之力,"",超级黑鲁加,2,无,229,黑鲁加超级黑鲁加,恶,火
667968c53d53642023bdb9fe,悠游自如,湿气,"",2,无,230,刺龙王,水,龙
667968c53d53642023bdb9ff,捡拾,沙隐,"",2,无,231,小小象,地面,""
667968c53d53642023bdba00,结实,沙隐,"",2,无,232,顿甲,地面,""
667968c53d53642023bdba01,复制,分析,"",2,无,233,多边兽2型,一般,""
667968c53d53642023bdba02,威吓,食草,"",2,无,234,惊角鹿,一般,""
667968c53d53642023bdba03,我行我素,心情不定,"",2,无,235,图图犬,一般,""
667968c53d53642023bdba04,毅力,干劲,"",2,无,236,无畏小子,格斗,""
667968c53d53642023bdba05,威吓,不屈之心,"",2,无,237,战舞郎,格斗,""
667968c53d53642023bdba06,迟钝,湿润之躯,"",2,无,238,迷唇娃,冰,超能力
667968c53d53642023bdba07,静电,干劲,"",2,无,239,电击怪,电,""
667968c53d53642023bdba08,火焰之躯,干劲,"",2,无,240,鸭嘴宝宝,火,""
667968c53d53642023bdba09,厚脂肪,食草,"",2,无,241,大奶罐,一般,""
667968c53d53642023bdba0a,自然回复,治愈之心,"",2,无,242,幸福蛋,一般,""
667968c53d53642023bdba0b,压迫感,精神力,"",2,无,243,雷公,电,""
667968c53d53642023bdba0c,压迫感,精神力,"",2,无,244,炎帝,火,""
667968c53d53642023bdba0d,压迫感,精神力,"",2,无,245,水君,水,""
667968c53d53642023bdba0e,毅力,沙隐,"",2,无,246,幼基拉斯,岩石,地面
667968c53d53642023bdba0f,蜕皮,"","",2,无,247,沙基拉斯,岩石,地面
667968c53d53642023bdba10,扬沙,紧张感,"",2,无,248,班基拉斯,岩石,恶
667968c53d53642023bdba11,扬沙,"",超级班基拉斯,2,无,248,班基拉斯超级班基拉斯,岩石,恶
667968c53d53642023bdba12,压迫感,多重鳞片,"",2,无,249,洛奇亚,超能力,飞行
667968c53d53642023bdba13,压迫感,再生力,"",2,无,250,凤王,火,飞行
667968c53d53642023bdba14,自然回复,"","",2,无,251,时拉比,超能力,草
667968c53d53642023bdba15,茂盛,轻装,"",3,无,253,森林蜥蜴,草,""
667968c53d53642023bdba16,茂盛,轻装,"",3,无,254,蜥蜴王,草,""
667968c53d53642023bdba17,避雷针,"",超级蜥蜴王,3,无,254,蜥蜴王超级蜥蜴王,草,龙
667968c53d53642023bdba18,猛火,加速,"",3,无,255,火稚鸡,火,""
667968c53d53642023bdba19,猛火,加速,"",3,无,256,力壮鸡,火,格斗
667968c53d53642023bdba1a,猛火,加速,"",3,无,257,火焰鸡,火,格斗
667968c53d53642023bdba1b,加速,"",超级火焰鸡,3,无,257,火焰鸡超级火焰鸡,火,格斗
667968c53d53642023bdba1c,激流,湿气,"",3,无,258,水跃鱼,水,""
667968c53d53642023bdba1d,激流,湿气,"",3,无,259,沼跃鱼,水,地面
667968c53d53642023bdba1e,激流,湿气,"",3,无,260,巨沼怪,水,地面
667968c53d53642023bdba1f,悠游自如,"",超级巨沼怪,3,无,260,巨沼怪超级巨沼怪,水,地面
667968c53d53642023bdba20,逃跑,胆怯,"",3,无,261,土狼犬,恶,""
667968c53d53642023bdba21,威吓,自信过度,"",3,无,262,大狼犬,恶,""
667968c53d53642023bdba22,捡拾,飞毛腿,"",3,无,263,蛇纹熊,一般,""
667968c53d53642023bdba23,捡拾,飞毛腿,伽勒尔的样子,3,无,263,蛇纹熊伽勒尔的样子,恶,一般
667968c53d53642023bdba24,捡拾,飞毛腿,"",3,无,264,直冲熊,一般,""
667968c53d53642023bdba25,捡拾,飞毛腿,伽勒尔的样子,3,无,264,直冲熊伽勒尔的样子,恶,一般
667968c53d53642023bdba26,鳞粉,逃跑,"",3,无,265,刺尾虫,虫,""
667968c53d53642023bdba27,蜕皮,"","",3,无,266,甲壳茧,虫,""
667968c53d53642023bdba28,虫之预感,斗争心,"",3,无,267,狩猎凤蝶,虫,飞行
667968c53d53642023bdba29,蜕皮,"","",3,无,268,盾甲茧,虫,""
667968c53d53642023bdba2a,鳞粉,复眼,"",3,无,269,毒粉蛾,虫,毒
667968c53d53642023bdba2b,悠游自如,我行我素,"",3,无,270,莲叶童子,水,草
667968c53d53642023bdba2c,悠游自如,我行我素,"",3,无,271,莲帽小童,水,草
667968c53d53642023bdba2d,悠游自如,我行我素,"",3,无,272,乐天河童,水,草
667968c53d53642023bdba2e,叶绿素,顺手牵羊,"",3,无,273,橡实果,草,""
667968c53d53642023bdba2f,叶绿素,顺手牵羊,"",3,无,274,长鼻叶,草,恶
667968c53d53642023bdba30,叶绿素,顺手牵羊,"",3,无,275,狡猾天狗,草,恶
667968c53d53642023bdba31,毅力,胆量,"",3,无,276,傲骨燕,一般,飞行
667968c53d53642023bdba32,毅力,胆量,"",3,无,277,大王燕,一般,飞行
667968c53d53642023bdba33,锐利目光,雨盘,"",3,无,278,长翅鸥,水,飞行
667968c53d53642023bdba34,锐利目光,雨盘,"",3,无,279,大嘴鸥,水,飞行
667968c53d53642023bdba35,同步,心灵感应,"",3,无,280,拉鲁拉丝,超能力,妖精
667968c53d53642023bdba36,同步,心灵感应,"",3,无,281,奇鲁莉安,超能力,妖精
667968c53d53642023bdba37,同步,心灵感应,"",3,无,282,沙奈朵,超能力,妖精
667968c53d53642023bdba38,妖精皮肤,"",超级沙奈朵,3,无,282,沙奈朵超级沙奈朵,超能力,妖精
667968c53d53642023bdba39,悠游自如,雨盘,"",3,无,283,溜溜糖球,虫,水
667968c53d53642023bdba3a,威吓,紧张感,"",3,无,284,雨翅蛾,虫,飞行
667968c53d53642023bdba3b,孢子,飞毛腿,"",3,无,285,蘑蘑菇,草,""
667968c53d53642023bdba3c,孢子,技术高手,"",3,无,286,斗笠菇,草,格斗
667968c53d53642023bdba3d,懒惰,"","",3,无,287,懒人獭,一般,""
667968c53d53642023bdba3e,干劲,"","",3,无,288,过动猿,一般,""
667968c53d53642023bdba3f,懒惰,"","",3,无,289,请假王,一般,""
667968c53d53642023bdba40,复眼,逃跑,"",3,无,290,土居忍士,虫,地面
667968c53d53642023bdba41,加速,穿透,"",3,无,291,铁面忍者,虫,飞行
667968c53d53642023bdba42,神奇守护,"","",3,无,292,脱壳忍者,虫,幽灵
667968c53d53642023bdba43,隔音,胆怯,"",3,无,293,咕妞妞,一般,""
667968c53d53642023bdba44,隔音,胆量,"",3,无,294,吼爆弹,一般,""
667968c53d53642023bdba45,隔音,胆量,"",3,无,295,爆音怪,一般,""
667968c53d53642023bdba46,厚脂肪,强行,"",3,无,296,幕下力士,格斗,""
667968c53d53642023bdba47,厚脂肪,强行,"",3,无,297,铁掌力士,格斗,""
667968c53d53642023bdba48,厚脂肪,食草,"",3,无,298,露力丽,一般,妖精
667968c53d53642023bdba49,结实,沙之力,"",3,无,299,朝北鼻,岩石,""
667968c53d53642023bdba4a,迷人之躯,奇迹皮肤,"",3,无,300,向尾喵,一般,""
667968c53d53642023bdba4b,迷人之躯,奇迹皮肤,"",3,无,301,优雅猫,一般,""
667968c53d53642023bdba4c,锐利目光,恶作剧之心,"",3,无,302,勾魂眼,恶,幽灵
667968c53d53642023bdba4d,魔法镜,"",超级勾魂眼,3,无,302,勾魂眼超级勾魂眼,恶,幽灵
667968c53d53642023bdba4e,怪力钳,强行,"",3,无,303,大嘴娃,钢,妖精
667968c53d53642023bdba4f,大力士,"",超级大嘴娃,3,无,303,大嘴娃超级大嘴娃,钢,妖精
667968c53d53642023bdba50,结实,重金属,"",3,无,304,可可多拉,钢,岩石
667968c53d53642023bdba51,结实,重金属,"",3,无,305,可多拉,钢,岩石
667968c53d53642023bdba52,结实,重金属,"",3,无,306,波士可多拉,钢,岩石
667968c53d53642023bdba53,过滤,"",超级波士可多拉,3,无,306,波士可多拉超级波士可多拉,钢,""
667968c53d53642023bdba54,瑜伽之力,心灵感应,"",3,无,307,玛沙那,格斗,超能力
667968c53d53642023bdba55,瑜伽之力,心灵感应,"",3,无,308,恰雷姆,格斗,超能力
667968c53d53642023bdba56,瑜伽之力,"",超级恰雷姆,3,无,308,恰雷姆超级恰雷姆,格斗,超能力
667968c53d53642023bdba57,静电,负电,"",3,无,309,落雷兽,电,""
667968c53d53642023bdba58,静电,负电,"",3,无,310,雷电兽,电,""
667968c53d53642023bdba59,威吓,"",超级雷电兽,3,无,310,雷电兽超级雷电兽,电,""
667968c53d53642023bdba5a,正电,避雷针,"",3,无,311,正电拍拍,电,""
667968c53d53642023bdba5b,负电,蓄电,"",3,无,312,负电拍拍,电,""
667968c53d53642023bdba5c,发光,恶作剧之心,"",3,无,313,电萤虫,虫,""
667968c53d53642023bdba5d,迟钝,恶作剧之心,"",3,无,314,甜甜萤,虫,""
667968c53d53642023bdba5e,自然回复,叶子防守,"",3,无,315,毒蔷薇,草,毒
667968c53d53642023bdba5f,污泥浆,贪吃鬼,"",3,无,316,溶食兽,毒,""
667968c53d53642023bdba60,污泥浆,贪吃鬼,"",3,无,317,吞食兽,毒,""
667968c53d53642023bdba61,粗糙皮肤,加速,"",3,无,318,利牙鱼,水,恶
667968c53d53642023bdba62,粗糙皮肤,加速,"",3,无,319,巨牙鲨,水,恶
667968c53d53642023bdba63,强壮之颚,"",超级巨牙鲨,3,无,319,巨牙鲨超级巨牙鲨,水,恶
667968c53d53642023bdba64,水幕,压迫感,"",3,无,320,吼吼鲸,水,""
667968c53d53642023bdba65,水幕,压迫感,"",3,无,321,吼鲸王,水,""
667968c53d53642023bdba66,迟钝,我行我素,"",3,无,322,呆火驼,火,地面
667968c53d53642023bdba67,熔岩铠甲,愤怒穴位,"",3,无,323,喷火驼,火,地面
667968c53d53642023bdba68,强行,"",超级喷火驼,3,无,323,喷火驼超级喷火驼,火,地面
667968c53d53642023bdba69,白色烟雾,硬壳盔甲,"",3,无,324,煤炭龟,火,""
667968c53d53642023bdba6a,厚脂肪,贪吃鬼,"",3,无,325,跳跳猪,超能力,""
667968c53d53642023bdba6b,厚脂肪,贪吃鬼,"",3,无,326,噗噗猪,超能力,""
667968c53d53642023bdba6c,我行我素,唱反调,"",3,无,327,晃晃斑,一般,""
667968c53d53642023bdba6d,怪力钳,强行,"",3,无,328,大颚蚁,地面,""
667968c53d53642023bdba6e,飘浮,"","",3,无,329,超音波幼虫,地面,龙
667968c53d53642023bdba6f,飘浮,"","",3,无,330,沙漠蜻蜓,地面,龙
667968c53d53642023bdba70,沙隐,储水,"",3,无,331,刺球仙人掌,草,""
667968c53d53642023bdba71,沙隐,储水,"",3,无,332,梦歌仙人掌,草,恶
667968c53d53642023bdba72,自然回复,无关天气,"",3,无,333,青绵鸟,一般,飞行
667968c53d53642023bdba73,自然回复,无关天气,"",3,无,334,七夕青鸟,龙,飞行
667968c53d53642023bdba74,妖精皮肤,"",超级七夕青鸟,3,无,334,七夕青鸟超级七夕青鸟,龙,妖精
667968c53d53642023bdba75,免疫,中毒激升,"",3,无,335,猫鼬斩,一般,""
667968c53d53642023bdba76,蜕皮,穿透,"",3,无,336,饭匙蛇,毒,""
667968c53d53642023bdba77,飘浮,"","",3,无,337,月石,岩石,超能力
667968c53d53642023bdba78,飘浮,"","",3,无,338,太阳岩,岩石,超能力
667968c53d53642023bdba79,迟钝,湿润之躯,"",3,无,339,泥泥鳅,水,地面
667968c53d53642023bdba7a,迟钝,湿润之躯,"",3,无,340,鲶鱼王,水,地面
667968c53d53642023bdba7b,怪力钳,适应力,"",3,无,341,龙虾小兵,水,""
667968c53d53642023bdba7c,怪力钳,适应力,"",3,无,342,铁螯龙虾,水,恶
667968c53d53642023bdba7d,飘浮,"","",3,无,343,天秤偶,地面,超能力
667968c53d53642023bdba7e,飘浮,"","",3,无,344,念力土偶,地面,超能力
667968c53d53642023bdba7f,吸盘,引水,"",3,无,345,触手百合,岩石,草
667968c53d53642023bdba80,吸盘,引水,"",3,无,346,摇篮百合,岩石,草
667968c53d53642023bdba81,战斗盔甲,悠游自如,"",3,无,347,太古羽虫,岩石,虫
667968c53d53642023bdba82,战斗盔甲,悠游自如,"",3,无,348,太古盔甲,岩石,虫
667968c53d53642023bdba83,悠游自如,适应力,"",3,无,349,丑丑鱼,水,""
667968c53d53642023bdba84,神奇鳞片,迷人之躯,"",3,无,350,美纳斯,水,""
667968c53d53642023bdba85,阴晴不定,"","",3,无,351,飘浮泡泡,一般,""
667968c53d53642023bdba86,变色,变幻自如,"",3,无,352,变隐龙,一般,""
667968c53d53642023bdba87,不眠,咒术之躯,"",3,无,353,怨影娃娃,幽灵,""
667968c53d53642023bdba88,不眠,咒术之躯,"",3,无,354,诅咒娃娃,幽灵,""
667968c53d53642023bdba89,恶作剧之心,"",超级诅咒娃娃,3,无,354,诅咒娃娃超级诅咒娃娃,幽灵,""
667968c53d53642023bdba8a,飘浮,察觉,"",3,无,355,夜巡灵,幽灵,""
667968c53d53642023bdba8b,压迫感,察觉,"",3,无,356,彷徨夜灵,幽灵,""
667968c53d53642023bdba8c,叶绿素,收获,"",3,无,357,热带龙,草,飞行
667968c53d53642023bdba8d,飘浮,"","",3,无,358,风铃铃,超能力,""
667968c53d53642023bdba8e,压迫感,正义之心,"",3,无,359,阿勃梭鲁,恶,""
667968c53d53642023bdba8f,魔法镜,"",超级阿勃梭鲁,3,无,359,阿勃梭鲁超级阿勃梭鲁,恶,""
667968c53d53642023bdba90,踩影,心灵感应,"",3,无,360,小果然,超能力,""
667968c53d53642023bdba91,精神力,心情不定,"",3,无,361,雪童子,冰,""
667968c53d53642023bdba92,精神力,心情不定,"",3,无,362,冰鬼护,冰,""
667968c53d53642023bdba93,冰冻皮肤,"",超级冰鬼护,3,无,362,冰鬼护超级冰鬼护,冰,""
667968c53d53642023bdba94,厚脂肪,迟钝,"",3,无,363,海豹球,冰,水
667968c53d53642023bdba95,厚脂肪,迟钝,"",3,无,364,海魔狮,冰,水
667968c53d53642023bdba96,厚脂肪,迟钝,"",3,无,365,帝牙海狮,冰,水
667968c53d53642023bdba97,硬壳盔甲,胆怯,"",3,无,366,珍珠贝,水,""
667968c53d53642023bdba98,悠游自如,水幕,"",3,无,367,猎斑鱼,水,""
667968c53d53642023bdba99,悠游自如,湿润之躯,"",3,无,368,樱花鱼,水,""
667968c53d53642023bdba9a,悠游自如,结实,"",3,无,369,古空棘鱼,水,岩石
667968c53d53642023bdba9b,悠游自如,湿润之躯,"",3,无,370,爱心鱼,水,""
667968c53d53642023bdba9c,坚硬脑袋,强行,"",3,无,371,宝贝龙,龙,""
667968c53d53642023bdba9d,坚硬脑袋,防尘,"",3,无,372,甲壳龙,龙,""
667968c53d53642023bdba9e,威吓,自信过度,"",3,无,373,暴飞龙,龙,飞行
667968c53d53642023bdba9f,飞行皮肤,"",超级暴飞龙,3,无,373,暴飞龙超级暴飞龙,龙,飞行
667968c53d53642023bdbaa0,恒净之躯,轻金属,"",3,无,374,铁哑铃,钢,超能力
667968c53d53642023bdbaa1,恒净之躯,轻金属,"",3,无,375,金属怪,钢,超能力
667968c53d53642023bdbaa2,恒净之躯,轻金属,"",3,无,376,巨金怪,钢,超能力
667968c53d53642023bdbaa3,硬爪,"",超级巨金怪,3,无,376,巨金怪超级巨金怪,钢,超能力
667968c53d53642023bdbaa4,恒净之躯,结实,"",3,无,377,雷吉洛克,岩石,""
667968c53d53642023bdbaa5,恒净之躯,冰冻之躯,"",3,无,378,雷吉艾斯,冰,""
667968c53d53642023bdbaa6,恒净之躯,轻金属,"",3,无,379,雷吉斯奇鲁,钢,""
667968c53d53642023bdbaa7,飘浮,"","",3,无,380,拉帝亚斯,龙,超能力
667968c53d53642023bdbaa8,飘浮,"",超级拉帝亚斯,3,无,380,拉帝亚斯超级拉帝亚斯,龙,超能力
667968c53d53642023bdbaa9,飘浮,"","",3,无,381,拉帝欧斯,龙,超能力
667968c53d53642023bdbaaa,飘浮,"",超级拉帝欧斯,3,无,381,拉帝欧斯超级拉帝欧斯,龙,超能力
667968c53d53642023bdbaab,降雨,"","",3,无,382,盖欧卡,水,""
667968c53d53642023bdbaac,始源之海,"",原始回归的样子,3,无,382,盖欧卡原始回归的样子,水,""
667968c53d53642023bdbaad,日照,"","",3,无,383,固拉多,地面,""
667968c53d53642023bdbaae,终结之地,"",原始回归的样子,3,无,383,固拉多原始回归的样子,地面,火
667968c53d53642023bdbaaf,气闸,"","",3,无,384,烈空坐,龙,飞行
667968c53d53642023bdbab0,德尔塔气流,"",超级烈空坐,3,无,384,烈空坐超级烈空坐,龙,飞行
667968c53d53642023bdbab1,天恩,"","",3,无,385,基拉祈,钢,超能力
667968c53d53642023bdbab2,压迫感,"","",3,无,386,代欧奇希斯,超能力,""
667968c53d53642023bdbab3,茂盛,硬壳盔甲,"",4,无,388,树林龟,草,""
667968c53d53642023bdbab4,茂盛,硬壳盔甲,"",4,无,389,土台龟,草,地面
667968c53d53642023bdbab5,猛火,铁拳,"",4,无,390,小火焰猴,火,""
667968c53d53642023bdbab6,猛火,铁拳,"",4,无,391,猛火猴,火,格斗
667968c53d53642023bdbab7,猛火,铁拳,"",4,无,392,烈焰猴,火,格斗
667968c53d53642023bdbab8,激流,好胜,"",4,无,393,波加曼,水,""
667968c53d53642023bdbab9,激流,好胜,"",4,无,394,波皇子,水,""
667968c53d53642023bdbaba,激流,好胜,"",4,无,395,帝王拿波,水,钢
667968c53d53642023bdbabb,锐利目光,舍身,"",4,无,396,姆克儿,一般,飞行
667968c53d53642023bdbabc,威吓,舍身,"",4,无,397,姆克鸟,一般,飞行
667968c53d53642023bdbabd,威吓,舍身,"",4,无,398,姆克鹰,一般,飞行
667968c53d53642023bdbabe,单纯,心情不定,"",4,无,399,大牙狸,一般,""
667968c53d53642023bdbabf,单纯,心情不定,"",4,无,400,大尾狸,一般,水
667968c53d53642023bdbac0,蜕皮,逃跑,"",4,无,401,圆法师,虫,""
667968c53d53642023bdbac1,虫之预感,技术高手,"",4,无,402,音箱蟀,虫,""
667968c53d53642023bdbac2,斗争心,毅力,"",4,无,403,小猫怪,电,""
667968c53d53642023bdbac3,斗争心,毅力,"",4,无,404,勒克猫,电,""
667968c53d53642023bdbac4,斗争心,毅力,"",4,无,405,伦琴猫,电,""
667968c53d53642023bdbac5,自然回复,叶子防守,"",4,无,406,含羞苞,草,毒
667968c53d53642023bdbac6,自然回复,技术高手,"",4,无,407,罗丝雷朵,草,毒
667968c53d53642023bdbac7,破格,强行,"",4,无,408,头盖龙,岩石,""
667968c53d53642023bdbac8,破格,强行,"",4,无,409,战槌龙,岩石,""
667968c53d53642023bdbac9,结实,隔音,"",4,无,410,盾甲龙,岩石,钢
667968c53d53642023bdbaca,结实,隔音,"",4,无,411,护城龙,岩石,钢
667968c53d53642023bdbacb,蜕皮,防尘,"",4,无,412,结草儿,虫,""
667968c53d53642023bdbacc,危险预知,防尘,"",4,无,413,结草贵妇,虫,草
667968c53d53642023bdbacd,虫之预感,有色眼镜,"",4,无,414,绅士蛾,虫,飞行
667968c53d53642023bdbace,采蜜,活力,"",4,无,415,三蜜蜂,虫,飞行
667968c53d53642023bdbacf,压迫感,紧张感,"",4,无,416,蜂女王,虫,飞行
667968c53d53642023bdbad0,逃跑,蓄电,"",4,无,417,帕奇利兹,电,""
667968c53d53642023bdbad1,悠游自如,水幕,"",4,无,418,泳圈鼬,水,""
667968c53d53642023bdbad2,悠游自如,水幕,"",4,无,419,浮潜鼬,水,""
667968c53d53642023bdbad3,叶绿素,"","",4,无,420,樱花宝,草,""
667968c53d53642023bdbad4,花之礼,"","",4,无,421,樱花儿,草,""
667968c53d53642023bdbad5,黏着,沙之力,"",4,无,422,无壳海兔,水,""
667968c53d53642023bdbad6,黏着,沙之力,"",4,无,423,海兔兽,水,地面
667968c53d53642023bdbad7,技术高手,连续攻击,"",4,无,424,双尾怪手,一般,""
667968c53d53642023bdbad8,引爆,受热激升,"",4,无,425,飘飘球,幽灵,飞行
667968c53d53642023bdbad9,引爆,受热激升,"",4,无,426,随风球,幽灵,飞行
667968c53d53642023bdbada,逃跑,柔软,"",4,无,427,卷卷耳,一般,""
667968c53d53642023bdbadb,迷人之躯,柔软,"",4,无,428,长耳兔,一般,""
667968c53d53642023bdbadc,胆量,"",超级长耳兔,4,无,428,长耳兔超级长耳兔,一般,格斗
667968c53d53642023bdbadd,飘浮,"","",4,无,429,梦妖魔,幽灵,""
667968c53d53642023bdbade,不眠,自信过度,"",4,无,430,乌鸦头头,恶,飞行
667968c53d53642023bdbadf,柔软,锐利目光,"",4,无,431,魅力喵,一般,""
667968c53d53642023bdbae0,厚脂肪,不服输,"",4,无,432,东施喵,一般,""
667968c53d53642023bdbae1,飘浮,"","",4,无,433,铃铛响,超能力,""
667968c53d53642023bdbae2,恶臭,锐利目光,"",4,无,434,臭鼬噗,毒,恶
667968c53d53642023bdbae3,恶臭,锐利目光,"",4,无,435,坦克臭鼬,毒,恶
667968c53d53642023bdbae4,飘浮,重金属,"",4,无,436,铜镜怪,钢,超能力
667968c53d53642023bdbae5,飘浮,重金属,"",4,无,437,青铜钟,钢,超能力
667968c53d53642023bdbae6,结实,胆怯,"",4,无,438,盆才怪,岩石,""
667968c53d53642023bdbae7,隔音,技术高手,"",4,无,439,魔尼尼,超能力,妖精
667968c53d53642023bdbae8,自然回复,友情防守,"",4,无,440,小福蛋,一般,""
667968c53d53642023bdbae9,锐利目光,健壮胸肌,"",4,无,441,聒噪鸟,一般,飞行
667968c53d53642023bdbaea,压迫感,穿透,"",4,无,442,花岩怪,幽灵,恶
667968c53d53642023bdbaeb,沙隐,粗糙皮肤,"",4,无,443,圆陆鲨,龙,地面
667968c53d53642023bdbaec,沙隐,粗糙皮肤,"",4,无,444,尖牙陆鲨,龙,地面
667968c53d53642023bdbaed,沙隐,粗糙皮肤,"",4,无,445,烈咬陆鲨,龙,地面
667968c53d53642023bdbaee,沙之力,"",超级烈咬陆鲨,4,无,445,烈咬陆鲨超级烈咬陆鲨,龙,地面
667968c53d53642023bdbaef,捡拾,贪吃鬼,"",4,无,446,小卡比兽,一般,""
667968c53d53642023bdbaf0,不屈之心,恶作剧之心,"",4,无,447,利欧路,格斗,""
667968c53d53642023bdbaf1,不屈之心,正义之心,"",4,无,448,路卡利欧,格斗,钢
667968c53d53642023bdbaf2,适应力,"",超级路卡利欧,4,无,448,路卡利欧超级路卡利欧,格斗,钢
667968c53d53642023bdbaf3,扬沙,沙之力,"",4,无,449,沙河马,地面,""
667968c53d53642023bdbaf4,扬沙,沙之力,"",4,无,450,河马兽,地面,""
667968c53d53642023bdbaf5,战斗盔甲,锐利目光,"",4,无,451,钳尾蝎,毒,虫
667968c53d53642023bdbaf6,战斗盔甲,锐利目光,"",4,无,452,龙王蝎,毒,恶
667968c53d53642023bdbaf7,危险预知,毒手,"",4,无,453,不良蛙,毒,格斗
667968c53d53642023bdbaf8,危险预知,毒手,"",4,无,454,毒骷蛙,毒,格斗
667968c53d53642023bdbaf9,飘浮,"","",4,无,455,尖牙笼,草,""
667968c53d53642023bdbafa,悠游自如,水幕,"",4,无,456,荧光鱼,水,""
667968c53d53642023bdbafb,悠游自如,水幕,"",4,无,457,霓虹鱼,水,""
667968c53d53642023bdbafc,悠游自如,水幕,"",4,无,458,小球飞鱼,水,飞行
667968c53d53642023bdbafd,降雪,隔音,"",4,无,459,雪笠怪,草,冰
667968c53d53642023bdbafe,降雪,隔音,"",4,无,460,暴雪王,草,冰
667968c53d53642023bdbaff,降雪,"",超级暴雪王,4,无,460,暴雪王超级暴雪王,草,冰
667968c53d53642023bdbb00,压迫感,顺手牵羊,"",4,无,461,玛狃拉,恶,冰
667968c53d53642023bdbb01,磁力,分析,"",4,无,462,自爆磁怪,电,钢
667968c53d53642023bdbb02,我行我素,无关天气,"",4,无,463,大舌舔,一般,""
667968c53d53642023bdbb03,避雷针,舍身,"",4,无,464,超甲狂犀,地面,岩石
667968c53d53642023bdbb04,叶绿素,再生力,"",4,无,465,巨蔓藤,草,""
667968c53d53642023bdbb05,电气引擎,干劲,"",4,无,466,电击魔兽,电,""
667968c53d53642023bdbb06,火焰之躯,干劲,"",4,无,467,鸭嘴炎兽,火,""
667968c53d53642023bdbb07,活力,超幸运,"",4,无,468,波克基斯,妖精,飞行
667968c53d53642023bdbb08,加速,察觉,"",4,无,469,远古巨蜓,虫,飞行
667968c53d53642023bdbb09,叶子防守,叶绿素,"",4,无,470,叶伊布,草,""
667968c53d53642023bdbb0a,雪隐,冰冻之躯,"",4,无,471,冰伊布,冰,""
667968c53d53642023bdbb0b,怪力钳,毒疗,"",4,无,472,天蝎王,地面,飞行
667968c53d53642023bdbb0c,迟钝,厚脂肪,"",4,无,473,象牙猪,冰,地面
667968c53d53642023bdbb0d,适应力,分析,"",4,无,474,多边兽乙型,一般,""
667968c53d53642023bdbb0e,不屈之心,正义之心,"",4,无,475,艾路雷朵,超能力,格斗
667968c53d53642023bdbb0f,精神力,"",超级艾路雷朵,4,无,475,艾路雷朵超级艾路雷朵,超能力,格斗
667968c53d53642023bdbb10,结实,沙之力,"",4,无,476,大朝北鼻,岩石,钢
667968c53d53642023bdbb11,压迫感,察觉,"",4,无,477,黑夜魔灵,幽灵,""
667968c53d53642023bdbb12,雪隐,咒术之躯,"",4,无,478,雪妖女,冰,幽灵
667968c53d53642023bdbb13,飘浮,"","",4,无,479,洛托姆,电,幽灵
667968c53d53642023bdbb14,飘浮,"","",4,无,480,由克希,超能力,""
667968c53d53642023bdbb15,飘浮,"","",4,无,481,艾姆利多,超能力,""
667968c53d53642023bdbb16,飘浮,"","",4,无,482,亚克诺姆,超能力,""
667968c53d53642023bdbb17,压迫感,心灵感应,"",4,无,483,帝牙卢卡,钢,龙
667968c53d53642023bdbb18,压迫感,心灵感应,起源形态,4,无,483,帝牙卢卡起源形态,钢,龙
667968c53d53642023bdbb19,压迫感,心灵感应,"",4,无,484,帕路奇亚,水,龙
667968c53d53642023bdbb1a,压迫感,心灵感应,起源形态,4,无,484,帕路奇亚起源形态,水,龙
667968c53d53642023bdbb1b,引火,火焰之躯,"",4,无,485,席多蓝恩,火,钢
667968c53d53642023bdbb1c,慢启动,"","",4,无,486,雷吉奇卡斯,一般,""
667968c53d53642023bdbb1d,压迫感,心灵感应,别种形态,4,无,487,骑拉帝纳别种形态,幽灵,龙
667968c53d53642023bdbb1e,飘浮,"",起源形态,4,无,487,骑拉帝纳起源形态,幽灵,龙
667968c53d53642023bdbb1f,飘浮,"","",4,无,488,克雷色利亚,超能力,""
667968c53d53642023bdbb20,湿润之躯,"","",4,无,489,霏欧纳,水,""
667968c53d53642023bdbb21,湿润之躯,"","",4,无,490,玛纳霏,水,""
667968c53d53642023bdbb22,梦魇,"","",4,无,491,达克莱伊,恶,""
667968c53d53642023bdbb23,自然回复,"",陆上形态,4,无,492,谢米陆上形态,草,""
667968c53d53642023bdbb24,天恩,"",天空形态,4,无,492,谢米天空形态,草,飞行
667968c53d53642023bdbb25,多属性,"","",4,无,493,阿尔宙斯,一般,""
667968c53d53642023bdbb26,茂盛,唱反调,"",5,无,495,藤藤蛇,草,""
667968c53d53642023bdbb27,茂盛,唱反调,"",5,无,496,青藤蛇,草,""
667968c53d53642023bdbb28,茂盛,唱反调,"",5,无,497,君主蛇,草,""
667968c53d53642023bdbb29,猛火,厚脂肪,"",5,无,498,暖暖猪,火,""
667968c53d53642023bdbb2a,猛火,厚脂肪,"",5,无,499,炒炒猪,火,格斗
667968c53d53642023bdbb2b,猛火,舍身,"",5,无,500,炎武王,火,格斗
667968c53d53642023bdbb2c,激流,硬壳盔甲,"",5,无,501,水水獭,水,""
667968c53d53642023bdbb2d,激流,硬壳盔甲,"",5,无,502,双刃丸,水,""
667968c53d53642023bdbb2e,激流,硬壳盔甲,"",5,无,503,大剑鬼,水,""
667968c53d53642023bdbb2f,激流,锋锐,洗翠的样子,5,无,503,大剑鬼洗翠的样子,水,恶
667968c53d53642023bdbb30,逃跑,分析,"",5,无,504,探探鼠,一般,""
667968c53d53642023bdbb31,发光,分析,"",5,无,505,步哨鼠,一般,""
667968c53d53642023bdbb32,干劲,逃跑,"",5,无,506,小约克,一般,""
667968c53d53642023bdbb33,威吓,胆量,"",5,无,507,哈约克,一般,""
667968c53d53642023bdbb34,威吓,胆量,"",5,无,508,长毛狗,一般,""
667968c53d53642023bdbb35,柔软,恶作剧之心,"",5,无,509,扒手猫,恶,""
667968c53d53642023bdbb36,柔软,恶作剧之心,"",5,无,510,酷豹,恶,""
667968c53d53642023bdbb37,贪吃鬼,茂盛,"",5,无,511,花椰猴,草,""
667968c53d53642023bdbb38,贪吃鬼,茂盛,"",5,无,512,花椰猿,草,""
667968c53d53642023bdbb39,贪吃鬼,猛火,"",5,无,513,爆香猴,火,""
667968c53d53642023bdbb3a,贪吃鬼,猛火,"",5,无,514,爆香猿,火,""
667968c53d53642023bdbb3b,贪吃鬼,激流,"",5,无,515,冷水猴,水,""
667968c53d53642023bdbb3c,贪吃鬼,激流,"",5,无,516,冷水猿,水,""
667968c53d53642023bdbb3d,预知梦,心灵感应,"",5,无,517,食梦梦,超能力,""
667968c53d53642023bdbb3e,预知梦,心灵感应,"",5,无,518,梦梦蚀,超能力,""
667968c53d53642023bdbb3f,健壮胸肌,斗争心,"",5,无,519,豆豆鸽,一般,飞行
667968c53d53642023bdbb40,健壮胸肌,斗争心,"",5,无,520,咕咕鸽,一般,飞行
667968c53d53642023bdbb41,健壮胸肌,斗争心,"",5,无,521,高傲雉鸡,一般,飞行
667968c53d53642023bdbb42,避雷针,食草,"",5,无,522,斑斑马,电,""
667968c53d53642023bdbb43,避雷针,食草,"",5,无,523,雷电斑马,电,""
667968c53d53642023bdbb44,结实,沙之力,"",5,无,524,石丸子,岩石,""
667968c53d53642023bdbb45,结实,沙之力,"",5,无,525,地幔岩,岩石,""
667968c53d53642023bdbb46,结实,沙之力,"",5,无,526,庞岩怪,岩石,""
667968c53d53642023bdbb47,纯朴,单纯,"",5,无,527,滚滚蝙蝠,超能力,飞行
667968c53d53642023bdbb48,纯朴,单纯,"",5,无,528,心蝙蝠,超能力,飞行
667968c53d53642023bdbb49,拨沙,破格,"",5,无,529,螺钉地鼠,地面,""
667968c53d53642023bdbb4a,拨沙,破格,"",5,无,530,龙头地鼠,地面,钢
667968c53d53642023bdbb4b,治愈之心,笨拙,"",5,无,531,差不多娃娃,一般,""
667968c53d53642023bdbb4c,治愈之心,"",超级差不多娃娃,5,无,531,差不多娃娃超级差不多娃娃,一般,妖精
667968c53d53642023bdbb4d,毅力,铁拳,"",5,无,532,搬运小匠,格斗,""
667968c53d53642023bdbb4e,毅力,铁拳,"",5,无,533,铁骨土人,格斗,""
667968c53d53642023bdbb4f,毅力,铁拳,"",5,无,534,修建老匠,格斗,""
667968c53d53642023bdbb50,悠游自如,储水,"",5,无,535,圆蝌蚪,水,""
667968c53d53642023bdbb51,悠游自如,储水,"",5,无,536,蓝蟾蜍,水,地面
667968c53d53642023bdbb52,悠游自如,储水,"",5,无,537,蟾蜍王,水,地面
667968c53d53642023bdbb53,毅力,破格,"",5,无,538,投摔鬼,格斗,""
667968c53d53642023bdbb54,结实,破格,"",5,无,539,打击鬼,格斗,""
667968c53d53642023bdbb55,虫之预感,防尘,"",5,无,540,虫宝包,虫,草
667968c53d53642023bdbb56,叶子防守,防尘,"",5,无,541,宝包茧,虫,草
667968c53d53642023bdbb57,虫之预感,防尘,"",5,无,542,保姆虫,虫,草
667968c53d53642023bdbb58,毒刺,加速,"",5,无,543,百足蜈蚣,虫,毒
667968c53d53642023bdbb59,毒刺,加速,"",5,无,544,车轮球,虫,毒
667968c53d53642023bdbb5a,毒刺,加速,"",5,无,545,蜈蚣王,虫,毒
667968c53d53642023bdbb5b,恶作剧之心,叶绿素,"",5,无,546,木棉球,草,妖精
667968c53d53642023bdbb5c,恶作剧之心,叶绿素,"",5,无,547,风妖精,草,妖精
667968c53d53642023bdbb5d,叶绿素,叶子防守,"",5,无,548,百合根娃娃,草,""
667968c53d53642023bdbb5e,叶绿素,叶子防守,"",5,无,549,裙儿小姐,草,""
667968c53d53642023bdbb5f,叶绿素,叶子防守,洗翠的样子,5,无,549,裙儿小姐洗翠的样子,草,格斗
667968c53d53642023bdbb60,舍身,破格,红条纹的样子,5,无,550,野蛮鲈鱼红条纹的样子,水,""
667968c53d53642023bdbb61,坚硬脑袋,破格,蓝条纹的样子,5,无,550,野蛮鲈鱼蓝条纹的样子,水,""
667968c53d53642023bdbb62,胆怯,破格,白条纹的样子,5,无,550,野蛮鲈鱼白条纹的样子,水,""
667968c53d53642023bdbb63,威吓,愤怒穴位,"",5,无,551,黑眼鳄,地面,恶
667968c53d53642023bdbb64,威吓,愤怒穴位,"",5,无,552,混混鳄,地面,恶
667968c53d53642023bdbb65,威吓,愤怒穴位,"",5,无,553,流氓鳄,地面,恶
667968c53d53642023bdbb66,活力,精神力,"",5,无,554,火红不倒翁,火,""
667968c53d53642023bdbb67,活力,精神力,伽勒尔的样子,5,无,554,火红不倒翁伽勒尔的样子,冰,""
667968c53d53642023bdbb68,强行,达摩模式,"",5,无,555,达摩狒狒,火,""
667968c53d53642023bdbb69,无,达摩模式,达摩模式,5,无,555,达摩狒狒达摩模式,火,超能力
667968c53d53642023bdbb6a,一猩一意,达摩模式,伽勒尔的样子,5,无,555,达摩狒狒伽勒尔的样子,冰,""
667968c53d53642023bdbb6b,无,达摩模式,伽勒尔的样子／达摩模式,5,无,555,达摩狒狒伽勒尔的样子／达摩模式,冰,火
667968c53d53642023bdbb6c,储水,引水,"",5,无,556,沙铃仙人掌,草,""
667968c53d53642023bdbb6d,结实,碎裂铠甲,"",5,无,557,石居蟹,虫,岩石
667968c53d53642023bdbb6e,结实,碎裂铠甲,"",5,无,558,岩殿居蟹,虫,岩石
667968c53d53642023bdbb6f,蜕皮,威吓,"",5,无,559,滑滑小子,恶,格斗
667968c53d53642023bdbb70,蜕皮,威吓,"",5,无,560,头巾混混,恶,格斗
667968c53d53642023bdbb71,奇迹皮肤,有色眼镜,"",5,无,561,象征鸟,超能力,飞行
667968c53d53642023bdbb72,木乃伊,"","",5,无,562,哭哭面具,幽灵,""
667968c53d53642023bdbb73,游魂,"",伽勒尔的样子,5,无,562,哭哭面具伽勒尔的样子,地面,幽灵
667968c53d53642023bdbb74,木乃伊,"","",5,无,563,迭失棺,幽灵,""
667968c53d53642023bdbb75,坚硬岩石,悠游自如,"",5,无,564,原盖海龟,水,岩石
667968c53d53642023bdbb76,坚硬岩石,悠游自如,"",5,无,565,肋骨海龟,水,岩石
667968c53d53642023bdbb77,软弱,"","",5,无,566,始祖小鸟,岩石,飞行
667968c53d53642023bdbb78,软弱,"","",5,无,567,始祖大鸟,岩石,飞行
667968c53d53642023bdbb79,恶臭,引爆,"",5,无,568,破破袋,毒,""
667968c53d53642023bdbb7a,恶臭,引爆,"",5,无,569,灰尘山,毒,""
667968c53d53642023bdbb7b,幻觉,"","",5,无,570,索罗亚,恶,""
667968c53d53642023bdbb7c,幻觉,"",洗翠的样子,5,无,570,索罗亚洗翠的样子,一般,幽灵
667968c53d53642023bdbb7d,幻觉,"","",5,无,571,索罗亚克,恶,""
667968c53d53642023bdbb7e,幻觉,"",洗翠的样子,5,无,571,索罗亚克洗翠的样子,一般,幽灵
667968c53d53642023bdbb7f,迷人之躯,连续攻击,"",5,无,572,泡沫栗鼠,一般,""
667968c53d53642023bdbb80,迷人之躯,连续攻击,"",5,无,573,奇诺栗鼠,一般,""
667968c53d53642023bdbb81,察觉,踩影,"",5,无,574,哥德宝宝,超能力,""
667968c53d53642023bdbb82,察觉,踩影,"",5,无,575,哥德小童,超能力,""
667968c53d53642023bdbb83,察觉,踩影,"",5,无,576,哥德小姐,超能力,""
667968c53d53642023bdbb84,防尘,再生力,"",5,无,577,单卵细胞球,超能力,""
667968c53d53642023bdbb85,防尘,再生力,"",5,无,578,双卵细胞球,超能力,""
667968c53d53642023bdbb86,防尘,再生力,"",5,无,579,人造细胞卵,超能力,""
667968c53d53642023bdbb87,锐利目光,湿润之躯,"",5,无,580,鸭宝宝,水,飞行
667968c53d53642023bdbb88,锐利目光,湿润之躯,"",5,无,581,舞天鹅,水,飞行
667968c53d53642023bdbb89,冰冻之躯,碎裂铠甲,"",5,无,582,迷你冰,冰,""
667968c53d53642023bdbb8a,冰冻之躯,碎裂铠甲,"",5,无,583,多多冰,冰,""
667968c53d53642023bdbb8b,冰冻之躯,碎裂铠甲,"",5,无,584,双倍多多冰,冰,""
667968c53d53642023bdbb8c,叶绿素,天恩,"",5,无,585,四季鹿,一般,草
667968c53d53642023bdbb8d,叶绿素,天恩,"",5,无,586,萌芽鹿,一般,草
667968c53d53642023bdbb8e,静电,电气引擎,"",5,无,587,电飞鼠,电,飞行
667968c53d53642023bdbb8f,虫之预感,无防守,"",5,无,588,盖盖虫,虫,""
667968c53d53642023bdbb90,虫之预感,防尘,"",5,无,589,骑士蜗牛,虫,钢
667968c53d53642023bdbb91,孢子,再生力,"",5,无,590,哎呀球菇,草,毒
667968c53d53642023bdbb92,孢子,再生力,"",5,无,591,败露球菇,草,毒
667968c53d53642023bdbb93,储水,湿气,"",5,无,592,轻飘飘,水,幽灵
667968c53d53642023bdbb94,储水,湿气,"",5,无,593,胖嘟嘟,水,幽灵
667968c53d53642023bdbb95,治愈之心,再生力,"",5,无,594,保姆曼波,水,""
667968c53d53642023bdbb96,复眼,虫之预感,"",5,无,595,电电虫,虫,电
667968c53d53642023bdbb97,复眼,虫之预感,"",5,无,596,电蜘蛛,虫,电
667968c53d53642023bdbb98,铁刺,铁刺,"",5,无,597,种子铁球,草,钢
667968c53d53642023bdbb99,铁刺,危险预知,"",5,无,598,坚果哑铃,草,钢
667968c53d53642023bdbb9a,正电,恒净之躯,"",5,无,599,齿轮儿,钢,""
667968c53d53642023bdbb9b,正电,恒净之躯,"",5,无,600,齿轮组,钢,""
667968c53d53642023bdbb9c,正电,恒净之躯,"",5,无,601,齿轮怪,钢,""
667968c53d53642023bdbb9d,飘浮,"","",5,无,602,麻麻小鱼,电,""
667968c53d53642023bdbb9e,飘浮,"","",5,无,603,麻麻鳗,电,""
667968c53d53642023bdbb9f,飘浮,"","",5,无,604,麻麻鳗鱼王,电,""
667968c53d53642023bdbba0,心灵感应,分析,"",5,无,605,小灰怪,超能力,""
667968c53d53642023bdbba1,心灵感应,分析,"",5,无,606,大宇怪,超能力,""
667968c53d53642023bdbba2,引火,穿透,"",5,无,607,烛光灵,幽灵,火
667968c53d53642023bdbba3,引火,穿透,"",5,无,608,灯火幽灵,幽灵,火
667968c53d53642023bdbba4,引火,穿透,"",5,无,609,水晶灯火灵,幽灵,火
667968c53d53642023bdbba5,斗争心,紧张感,"",5,无,610,牙牙,龙,""
667968c53d53642023bdbba6,斗争心,紧张感,"",5,无,611,斧牙龙,龙,""
667968c53d53642023bdbba7,斗争心,紧张感,"",5,无,612,双斧战龙,龙,""
667968c53d53642023bdbba8,雪隐,胆怯,"",5,无,613,喷嚏熊,冰,""
667968c53d53642023bdbba9,雪隐,悠游自如,"",5,无,614,冻原熊,冰,""
667968c53d53642023bdbbaa,飘浮,"","",5,无,615,几何雪花,冰,""
667968c53d53642023bdbbab,湿润之躯,防尘,"",5,无,616,小嘴蜗,虫,""
667968c53d53642023bdbbac,湿润之躯,轻装,"",5,无,617,敏捷虫,虫,""
667968c53d53642023bdbbad,静电,沙隐,"",5,无,618,泥巴鱼,地面,电
667968c53d53642023bdbbae,拟态,"",伽勒尔的样子,5,无,618,泥巴鱼伽勒尔的样子,地面,钢
667968c53d53642023bdbbaf,精神力,舍身,"",5,无,619,功夫鼬,格斗,""
667968c53d53642023bdbbb0,精神力,舍身,"",5,无,620,师父鼬,格斗,""
667968c53d53642023bdbbb1,粗糙皮肤,破格,"",5,无,621,赤面龙,龙,""
667968c53d53642023bdbbb2,铁拳,无防守,"",5,无,622,泥偶小人,地面,幽灵
667968c53d53642023bdbbb3,铁拳,无防守,"",5,无,623,泥偶巨人,地面,幽灵
667968c53d53642023bdbbb4,不服输,压迫感,"",5,无,624,驹刀小兵,恶,钢
667968c53d53642023bdbbb5,不服输,压迫感,"",5,无,625,劈斩司令,恶,钢
667968c53d53642023bdbbb6,舍身,隔音,"",5,无,626,爆炸头水牛,一般,""
667968c53d53642023bdbbb7,锐利目光,活力,"",5,无,627,毛头小鹰,一般,飞行
667968c53d53642023bdbbb8,锐利目光,不服输,"",5,无,628,勇士雄鹰,一般,飞行
667968c53d53642023bdbbb9,锐利目光,有色眼镜,洗翠的样子,5,无,628,勇士雄鹰洗翠的样子,超能力,飞行
667968c53d53642023bdbbba,健壮胸肌,碎裂铠甲,"",5,无,629,秃鹰丫头,恶,飞行
667968c53d53642023bdbbbb,健壮胸肌,碎裂铠甲,"",5,无,630,秃鹰娜,恶,飞行
667968c53d53642023bdbbbc,贪吃鬼,白色烟雾,"",5,无,631,熔蚁兽,火,""
667968c53d53642023bdbbbd,虫之预感,懒惰,"",5,无,632,铁蚁,虫,钢
667968c53d53642023bdbbbe,活力,"","",5,无,633,单首龙,恶,龙
667968c53d53642023bdbbbf,活力,"","",5,无,634,双首暴龙,恶,龙
667968c53d53642023bdbbc0,飘浮,"","",5,无,635,三首恶龙,恶,龙
667968c53d53642023bdbbc1,火焰之躯,虫之预感,"",5,无,636,燃烧虫,虫,火
667968c53d53642023bdbbc2,火焰之躯,虫之预感,"",5,无,637,火神蛾,虫,火
667968c53d53642023bdbbc3,正义之心,"","",5,无,638,勾帕路翁,钢,格斗
667968c53d53642023bdbbc4,正义之心,"","",5,无,639,代拉基翁,岩石,格斗
667968c53d53642023bdbbc5,正义之心,"","",5,无,640,毕力吉翁,草,格斗
667968c53d53642023bdbbc6,恶作剧之心,不服输,化身形态,5,无,641,龙卷云化身形态,飞行,""
667968c53d53642023bdbbc7,再生力,"",灵兽形态,5,无,641,龙卷云灵兽形态,飞行,""
667968c53d53642023bdbbc8,恶作剧之心,不服输,化身形态,5,无,642,雷电云化身形态,电,飞行
667968c53d53642023bdbbc9,蓄电,"",灵兽形态,5,无,642,雷电云灵兽形态,电,飞行
667968c53d53642023bdbbca,涡轮火焰,"","",5,无,643,莱希拉姆,龙,火
667968c53d53642023bdbbcb,兆级电压,"","",5,无,644,捷克罗姆,龙,电
667968c53d53642023bdbbcc,沙之力,强行,化身形态,5,无,645,土地云化身形态,地面,飞行
667968c53d53642023bdbbcd,威吓,"",灵兽形态,5,无,645,土地云灵兽形态,地面,飞行
667968c53d53642023bdbbce,压迫感,"","",5,无,646,酋雷姆,龙,冰
667968c53d53642023bdbbcf,涡轮火焰,"",焰白酋雷姆,5,无,646,酋雷姆焰白酋雷姆,龙,冰
667968c53d53642023bdbbd0,兆级电压,"",暗黑酋雷姆,5,无,646,酋雷姆暗黑酋雷姆,龙,冰
667968c53d53642023bdbbd1,正义之心,"","",5,无,647,凯路迪欧,水,格斗
667968c53d53642023bdbbd2,天恩,"","",5,无,648,美洛耶塔,一般,超能力
667968c53d53642023bdbbd3,下载,"","",5,无,649,盖诺赛克特,虫,钢
667968c53d53642023bdbbd4,茂盛,防弹,"",6,无,651,胖胖哈力,草,""
667968c53d53642023bdbbd5,茂盛,防弹,"",6,无,652,布里卡隆,草,格斗
667968c53d53642023bdbbd6,猛火,魔术师,"",6,无,653,火狐狸,火,""
667968c53d53642023bdbbd7,猛火,魔术师,"",6,无,654,长尾火狐,火,""
667968c53d53642023bdbbd8,猛火,魔术师,"",6,无,655,妖火红狐,火,超能力
667968c53d53642023bdbbd9,激流,变幻自如,"",6,无,656,呱呱泡蛙,水,""
667968c53d53642023bdbbda,激流,变幻自如,"",6,无,657,呱头蛙,水,""
667968c53d53642023bdbbdb,激流,变幻自如,"",6,无,658,甲贺忍蛙,水,恶
667968c53d53642023bdbbdc,牵绊变身,"","",6,无,658,甲贺忍蛙,水,恶
667968c53d53642023bdbbdd,牵绊变身,"",小智版甲贺忍蛙,6,无,658,甲贺忍蛙小智版甲贺忍蛙,水,恶
667968c53d53642023bdbbde,捡拾,大力士,"",6,无,659,掘掘兔,一般,""
667968c53d53642023bdbbdf,捡拾,大力士,"",6,无,660,掘地兔,一般,地面
667968c53d53642023bdbbe0,健壮胸肌,疾风之翼,"",6,无,661,小箭雀,一般,飞行
667968c53d53642023bdbbe1,火焰之躯,疾风之翼,"",6,无,662,火箭雀,火,飞行
667968c53d53642023bdbbe2,火焰之躯,疾风之翼,"",6,无,663,烈箭鹰,火,飞行
667968c53d53642023bdbbe3,鳞粉,友情防守,"",6,无,664,粉蝶虫,虫,""
667968c53d53642023bdbbe4,蜕皮,友情防守,"",6,无,665,粉蝶蛹,虫,""
667968c53d53642023bdbbe5,鳞粉,友情防守,"",6,无,666,彩粉蝶,虫,飞行
667968c53d53642023bdbbe6,斗争心,自信过度,"",6,无,667,小狮狮,火,一般
667968c53d53642023bdbbe7,斗争心,自信过度,"",6,无,668,火炎狮,火,一般
667968c53d53642023bdbbe8,花幕,共生,"",6,无,669,花蓓蓓,妖精,""
667968c53d53642023bdbbe9,花幕,共生,"",6,无,670,花叶蒂,妖精,""
667968c53d53642023bdbbea,花幕,共生,"",6,无,671,花洁夫人,妖精,""
667968c53d53642023bdbbeb,食草,草之毛皮,"",6,无,672,坐骑小羊,草,""
667968c53d53642023bdbbec,食草,草之毛皮,"",6,无,673,坐骑山羊,草,""
667968c53d53642023bdbbed,铁拳,胆量,"",6,无,674,顽皮熊猫,格斗,""
667968c53d53642023bdbbee,铁拳,胆量,"",6,无,675,霸道熊猫,格斗,恶
667968c53d53642023bdbbef,毛皮大衣,"","",6,无,676,多丽米亚,一般,""
667968c53d53642023bdbbf0,锐利目光,我行我素,"",6,无,677,妙喵,超能力,""
667968c53d53642023bdbbf1,锐利目光,恶作剧之心,雄性的样子,6,无,678,超能妙喵雄性的样子,超能力,""
667968c53d53642023bdbbf2,锐利目光,好胜,雌性的样子,6,无,678,超能妙喵雌性的样子,超能力,""
667968c53d53642023bdbbf3,无防守,"","",6,无,679,独剑鞘,钢,幽灵
667968c53d53642023bdbbf4,无防守,"","",6,无,680,双剑鞘,钢,幽灵
667968c53d53642023bdbbf5,战斗切换,"","",6,无,681,坚盾剑怪,钢,幽灵
667968c53d53642023bdbbf6,治愈之心,芳香幕,"",6,无,682,粉香香,妖精,""
667968c53d53642023bdbbf7,治愈之心,芳香幕,"",6,无,683,芳香精,妖精,""
667968c53d53642023bdbbf8,甜幕,轻装,"",6,无,684,绵绵泡芙,妖精,""
667968c53d53642023bdbbf9,甜幕,轻装,"",6,无,685,胖甜妮,妖精,""
667968c53d53642023bdbbfa,唱反调,穿透,"",6,无,686,好啦鱿,恶,超能力
667968c53d53642023bdbbfb,唱反调,穿透,"",6,无,687,乌贼王,恶,超能力
667968c53d53642023bdbbfc,硬爪,顺手牵羊,"",6,无,688,龟脚脚,岩石,水
667968c53d53642023bdbbfd,硬爪,顺手牵羊,"",6,无,689,龟足巨铠,岩石,水
667968c53d53642023bdbbfe,毒刺,适应力,"",6,无,690,垃垃藻,毒,水
667968c53d53642023bdbbff,毒刺,适应力,"",6,无,691,毒藻龙,毒,龙
667968c53d53642023bdbc00,超级发射器,"","",6,无,692,铁臂枪虾,水,""
667968c53d53642023bdbc01,超级发射器,"","",6,无,693,钢炮臂虾,水,""
667968c53d53642023bdbc02,干燥皮肤,太阳之力,"",6,无,694,伞电蜥,电,一般
667968c53d53642023bdbc03,干燥皮肤,太阳之力,"",6,无,695,光电伞蜥,电,一般
667968c53d53642023bdbc04,强壮之颚,结实,"",6,无,696,宝宝暴龙,岩石,龙
667968c53d53642023bdbc05,强壮之颚,坚硬脑袋,"",6,无,697,怪颚龙,岩石,龙
667968c53d53642023bdbc06,冰冻皮肤,降雪,"",6,无,698,冰雪龙,岩石,冰
667968c53d53642023bdbc07,冰冻皮肤,降雪,"",6,无,699,冰雪巨龙,岩石,冰
667968c53d53642023bdbc08,迷人之躯,妖精皮肤,"",6,无,700,仙子伊布,妖精,""
667968c53d53642023bdbc09,柔软,破格,"",6,无,701,摔角鹰人,格斗,飞行
667968c53d53642023bdbc0a,颊囊,正电,"",6,无,702,咚咚鼠,电,妖精
667968c53d53642023bdbc0b,恒净之躯,结实,"",6,无,703,小碎钻,岩石,妖精
667968c53d53642023bdbc0c,食草,黏滑,"",6,无,704,黏黏宝,龙,""
667968c53d53642023bdbc0d,食草,黏滑,"",6,无,705,黏美儿,龙,""
667968c53d53642023bdbc0e,食草,黏滑,洗翠的样子,6,无,705,黏美儿洗翠的样子,钢,龙
667968c53d53642023bdbc0f,食草,黏滑,"",6,无,706,黏美龙,龙,""
667968c53d53642023bdbc10,食草,黏滑,洗翠的样子,6,无,706,黏美龙洗翠的样子,钢,龙
667968c53d53642023bdbc11,恶作剧之心,魔术师,"",6,无,707,钥圈儿,钢,妖精
667968c53d53642023bdbc12,自然回复,收获,"",6,无,708,小木灵,幽灵,草
667968c53d53642023bdbc13,自然回复,收获,"",6,无,709,朽木妖,幽灵,草
667968c53d53642023bdbc14,捡拾,不眠,"",6,无,710,南瓜精,幽灵,草
667968c53d53642023bdbc15,捡拾,不眠,"",6,无,711,南瓜怪人,幽灵,草
667968c53d53642023bdbc16,我行我素,结实,"",6,无,712,冰宝,冰,""
667968c53d53642023bdbc17,我行我素,结实,"",6,无,713,冰岩怪,冰,""
667968c53d53642023bdbc18,强壮之颚,结实,洗翠的样子,6,无,713,冰岩怪洗翠的样子,冰,岩石
667968c53d53642023bdbc19,察觉,心灵感应,"",6,无,714,嗡蝠,飞行,龙
667968c53d53642023bdbc1a,察觉,心灵感应,"",6,无,715,音波龙,飞行,龙
667968c53d53642023bdbc1b,妖精气场,"","",6,无,716,哲尔尼亚斯,妖精,""
667968c53d53642023bdbc1c,暗黑气场,"","",6,无,717,伊裴尔塔尔,恶,飞行
667968c53d53642023bdbc1d,气场破坏,"",５０％形态,6,无,718,基格尔德５０％形态,龙,地面
667968c53d53642023bdbc1e,群聚变形,"",５０％形态,6,无,718,基格尔德５０％形态,龙,地面
667968c53d53642023bdbc1f,气场破坏,"",１０％形态,6,无,718,基格尔德１０％形态,龙,地面
667968c53d53642023bdbc20,群聚变形,"",１０％形态,6,无,718,基格尔德１０％形态,龙,地面
667968c53d53642023bdbc21,群聚变形,"",完全体形态,6,无,718,基格尔德完全体形态,龙,地面
667968c53d53642023bdbc22,恒净之躯,"","",6,无,719,蒂安希,岩石,妖精
667968c53d53642023bdbc23,魔法镜,"",超级蒂安希,6,无,719,蒂安希超级蒂安希,岩石,妖精
667968c53d53642023bdbc24,魔术师,"","",6,无,720,胡帕,超能力,幽灵
667968c53d53642023bdbc25,储水,"","",6,无,721,波尔凯尼恩‎,火,水
667968c53d53642023bdbc26,茂盛,青草制造者,"",8,无,811,啪咚猴,草,""
667968c53d53642023bdbc27,茂盛,青草制造者,"",8,无,812,轰擂金刚猩,草,""
667968c53d53642023bdbc28,猛火,自由者,"",8,无,813,炎兔儿,火,""
667968c53d53642023bdbc29,猛火,自由者,"",8,无,814,腾蹴小将,火,""
667968c53d53642023bdbc2a,猛火,自由者,"",8,无,815,闪焰王牌,火,""
667968c53d53642023bdbc2b,激流,狙击手,"",8,无,816,泪眼蜥,水,""
667968c53d53642023bdbc2c,激流,狙击手,"",8,无,817,变涩蜥,水,""
667968c53d53642023bdbc2d,激流,狙击手,"",8,无,818,千面避役,水,""
667968c53d53642023bdbc2e,颊囊,贪吃鬼,"",8,无,819,贪心栗鼠,一般,""
667968c53d53642023bdbc2f,颊囊,贪吃鬼,"",8,无,820,藏饱栗鼠,一般,""
667968c53d53642023bdbc30,锐利目光,健壮胸肌,"",8,无,821,稚山雀,飞行,""
667968c53d53642023bdbc31,锐利目光,健壮胸肌,"",8,无,822,蓝鸦,飞行,""
667968c53d53642023bdbc32,压迫感,镜甲,"",8,无,823,钢铠鸦,飞行,钢
667968c53d53642023bdbc33,虫之预感,心灵感应,"",8,无,824,索侦虫,虫,""
667968c53d53642023bdbc34,虫之预感,心灵感应,"",8,无,825,天罩虫,虫,超能力
667968c53d53642023bdbc35,虫之预感,心灵感应,"",8,无,826,以欧路普,虫,超能力
667968c53d53642023bdbc36,逃跑,蹲守,"",8,无,827,狡小狐,恶,""
667968c53d53642023bdbc37,逃跑,蹲守,"",8,无,828,猾大狐,恶,""
667968c53d53642023bdbc38,棉絮,孢子,"",8,无,829,幼棉棉,草,""
667968c53d53642023bdbc39,棉絮,孢子,"",8,无,830,白蓬蓬,草,""
667968c53d53642023bdbc3a,毛茸茸,防弹,"",8,无,831,毛辫羊,一般,""
667968c53d53642023bdbc3b,毛茸茸,防弹,"",8,无,832,毛毛角羊,一般,""
667968c53d53642023bdbc3c,强壮之颚,悠游自如,"",8,无,833,咬咬龟,水,""
667968c53d53642023bdbc3d,强壮之颚,悠游自如,"",8,无,834,暴噬龟,水,岩石
667968c53d53642023bdbc3e,捡球,胆怯,"",8,无,835,来电汪,电,""
667968c53d53642023bdbc3f,强壮之颚,好胜,"",8,无,836,逐电犬,电,""
667968c53d53642023bdbc40,蒸汽机,引火,"",8,无,837,小炭仔,岩石,""
667968c53d53642023bdbc41,蒸汽机,引火,"",8,无,838,大炭车,岩石,火
667968c53d53642023bdbc42,蒸汽机,引火,"",8,无,839,巨炭山,岩石,火
667968c53d53642023bdbc43,熟成,防弹,"",8,无,840,啃果虫,草,龙
667968c53d53642023bdbc44,熟成,活力,"",8,无,841,苹裹龙,草,龙
667968c53d53642023bdbc45,熟成,厚脂肪,"",8,无,842,丰蜜龙,草,龙
667968c53d53642023bdbc46,吐沙,沙隐,"",8,无,843,沙包蛇,地面,""
667968c53d53642023bdbc47,吐沙,沙隐,"",8,无,844,沙螺蟒,地面,""
667968c53d53642023bdbc48,一口导弹,"","",8,无,845,古月鸟,飞行,水
667968c53d53642023bdbc49,悠游自如,螺旋尾鳍,"",8,无,846,刺梭鱼,水,""
667968c53d53642023bdbc4a,悠游自如,螺旋尾鳍,"",8,无,847,戽斗尖梭,水,""
667968c53d53642023bdbc4b,胆怯,笨拙,"",8,无,848,电音婴,电,毒
667968c53d53642023bdbc4c,庞克摇滚,技术高手,高调的样子,8,无,849,颤弦蝾螈高调的样子,电,毒
667968c53d53642023bdbc4d,庞克摇滚,技术高手,低调的样子,8,无,849,颤弦蝾螈低调的样子,电,毒
667968c53d53642023bdbc4e,引火,火焰之躯,"",8,无,850,烧火蚣,火,虫
667968c53d53642023bdbc4f,引火,火焰之躯,"",8,无,851,焚焰蚣,火,虫
667968c53d53642023bdbc50,柔软,技术高手,"",8,无,852,拳拳蛸,格斗,""
667968c53d53642023bdbc51,柔软,技术高手,"",8,无,853,八爪武师,格斗,""
667968c53d53642023bdbc52,碎裂铠甲,咒术之躯,"",8,无,854,来悲茶,幽灵,""
667968c53d53642023bdbc53,碎裂铠甲,咒术之躯,"",8,无,855,怖思壶,幽灵,""
667968c53d53642023bdbc54,治愈之心,魔法镜,"",8,无,856,迷布莉姆,超能力,""
667968c53d53642023bdbc55,治愈之心,魔法镜,"",8,无,857,提布莉姆,超能力,""
667968c53d53642023bdbc56,治愈之心,魔法镜,"",8,无,858,布莉姆温,超能力,妖精
667968c53d53642023bdbc57,恶作剧之心,顺手牵羊,"",8,无,859,捣蛋小妖,恶,妖精
667968c53d53642023bdbc58,恶作剧之心,顺手牵羊,"",8,无,860,诈唬魔,恶,妖精
667968c53d53642023bdbc59,恶作剧之心,顺手牵羊,"",8,无,861,长毛巨魔,恶,妖精
667968c53d53642023bdbc5a,舍身,不服输,"",8,无,862,堵拦熊,恶,一般
667968c53d53642023bdbc5b,战斗盔甲,钢之意志,"",8,无,863,喵头目,钢,""
667968c53d53642023bdbc5c,碎裂铠甲,灭亡之躯,"",8,无,864,魔灵珊瑚,幽灵,""
667968c53d53642023bdbc5d,不屈之心,胆量,"",8,无,865,葱游兵,格斗,""
667968c53d53642023bdbc5e,蹒跚,冰冻之躯,"",8,无,866,踏冰人偶,冰,超能力
667968c53d53642023bdbc5f,游魂,"","",8,无,867,迭失板,地面,幽灵
667968c53d53642023bdbc60,甜幕,芳香幕,"",8,无,868,小仙奶,妖精,""
667968c53d53642023bdbc61,甜幕,芳香幕,"",8,无,869,霜奶仙,妖精,""
667968c53d53642023bdbc62,战斗盔甲,不服输,"",8,无,870,列阵兵,格斗,""
667968c53d53642023bdbc63,避雷针,电气制造者,"",8,无,871,啪嚓海胆,电,""
667968c53d53642023bdbc64,鳞粉,冰鳞粉,"",8,无,872,雪吞虫,冰,虫
667968c53d53642023bdbc65,鳞粉,冰鳞粉,"",8,无,873,雪绒蛾,冰,虫
667968c53d53642023bdbc66,能量点,"","",8,无,874,巨石丁,岩石,""
667968c53d53642023bdbc67,结冻头,"","",8,无,875,冰砌鹅,冰,""
667968c53d53642023bdbc68,我行我素,精神制造者,雄性的样子,8,无,876,爱管侍雄性的样子,超能力,一般
667968c53d53642023bdbc69,精神力,精神制造者,雌性的样子,8,无,876,爱管侍雌性的样子,超能力,一般
667968c53d53642023bdbc6a,饱了又饿,"","",8,无,877,莫鲁贝可,电,恶
667968c53d53642023bdbc6b,强行,重金属,"",8,无,878,铜象,钢,""
667968c53d53642023bdbc6c,强行,重金属,"",8,无,879,大王铜象,钢,""
667968c53d53642023bdbc6d,蓄电,拨沙,"",8,无,880,雷鸟龙,电,龙
667968c53d53642023bdbc6e,蓄电,拨雪,"",8,无,881,雷鸟海兽,电,冰
667968c53d53642023bdbc6f,储水,拨沙,"",8,无,882,鳃鱼龙,水,龙
667968c53d53642023bdbc70,储水,拨雪,"",8,无,883,鳃鱼海兽,水,冰
667968c53d53642023bdbc71,轻金属,坚毅,"",8,无,884,铝钢龙,钢,龙
667968c53d53642023bdbc72,恒净之躯,咒术之躯,"",8,无,885,多龙梅西亚,龙,幽灵
667968c53d53642023bdbc73,恒净之躯,咒术之躯,"",8,无,886,多龙奇,龙,幽灵
667968c53d53642023bdbc74,恒净之躯,咒术之躯,"",8,无,887,多龙巴鲁托,龙,幽灵
667968c53d53642023bdbc75,不挠之剑,"","",8,无,888,苍响,妖精,""
667968c53d53642023bdbc76,不屈之盾,"","",8,无,889,藏玛然特,格斗,""
667968c53d53642023bdbc77,压迫感,"","",8,无,890,无极汰那,毒,龙
667968c53d53642023bdbc78,精神力,"","",8,无,891,熊徒弟,格斗,""
667968c53d53642023bdbc79,无形拳,"",一击流,8,无,892,武道熊师一击流,格斗,恶
667968c53d53642023bdbc7a,无形拳,"",连击流,8,无,892,武道熊师连击流,格斗,水
667968c53d53642023bdbc7b,叶子防守,"","",8,无,893,萨戮德,恶,草
667968c53d53642023bdbc7c,电晶体,"","",8,无,894,雷吉艾勒奇,电,""
667968c53d53642023bdbc7d,龙颚,"","",8,无,895,雷吉铎拉戈,龙,""
667968c53d53642023bdbc7e,苍白嘶鸣,"","",8,无,896,雪暴马,冰,""
667968c53d53642023bdbc7f,漆黑嘶鸣,"","",8,无,897,灵幽马,幽灵,""
667968c53d53642023bdbc80,紧张感,"","",8,无,898,蕾冠王,超能力,草
667968c53d53642023bdbc81,人马一体,"",骑白马的样子,8,无,898,蕾冠王骑白马的样子,超能力,冰
667968c53d53642023bdbc82,人马一体,"",骑黑马的样子,8,无,898,蕾冠王骑黑马的样子,超能力,幽灵
667968c53d53642023bdbc83,威吓,食草,"",8,无,899,诡角鹿,一般,超能力
667968c53d53642023bdbc84,虫之预感,锋锐,"",8,无,900,劈斧螳螂,虫,岩石
667968c53d53642023bdbc85,毅力,紧张感,"",8,无,901,月月熊,地面,一般
667968c53d53642023bdbc86,心眼,"",赫月,8,无,901,月月熊赫月,地面,一般
667968c53d53642023bdbc87,悠游自如,破格,雄性的样子,8,无,902,幽尾玄鱼雄性的样子,水,幽灵
667968c53d53642023bdbc88,悠游自如,破格,雌性的样子,8,无,902,幽尾玄鱼雌性的样子,水,幽灵
667968c53d53642023bdbc89,压迫感,毒手,"",8,无,903,大狃拉,格斗,毒
667968c53d53642023bdbc8a,毒刺,威吓,"",8,无,904,万针鱼,恶,毒
667968c53d53642023bdbc8b,迷人之躯,唱反调,化身形态,8,无,905,眷恋云化身形态,妖精,飞行
667968c53d53642023bdbc8c,防尘,"",灵兽形态,8,无,905,眷恋云灵兽形态,妖精,飞行
667968c53d53642023bdbc8d,茂盛,变幻自如,"",9,无,907,蒂蕾喵,草,""
667968c53d53642023bdbc8e,茂盛,变幻自如,"",9,无,908,魔幻假面喵,草,恶
667968c53d53642023bdbc8f,猛火,纯朴,"",9,无,909,呆火鳄,火,""
667968c53d53642023bdbc90,猛火,纯朴,"",9,无,910,炙烫鳄,火,""
667968c53d53642023bdbc91,猛火,纯朴,"",9,无,911,骨纹巨声鳄,火,幽灵
667968c53d53642023bdbc92,激流,自信过度,"",9,无,912,润水鸭,水,""
667968c53d53642023bdbc93,激流,自信过度,"",9,无,913,涌跃鸭,水,""
667968c53d53642023bdbc94,激流,自信过度,"",9,无,914,狂欢浪舞鸭,水,格斗
667968c53d53642023bdbc95,芳香幕,厚脂肪,"",9,无,915,爱吃豚,一般,""
667968c53d53642023bdbc96,甩不掉的气味,厚脂肪,雄性的样子,9,无,916,飘香豚雄性的样子,一般,""
667968c53d53642023bdbc97,芳香幕,厚脂肪,雌性的样子,9,无,916,飘香豚雌性的样子,一般,""
667968c53d53642023bdbc98,不眠,蹲守,"",9,无,917,团珠蛛,虫,""
667968c53d53642023bdbc99,不眠,蹲守,"",9,无,918,操陷蛛,虫,""
667968c53d53642023bdbc9a,虫之预感,有色眼镜,"",9,无,919,豆蟋蟀,虫,""
667968c53d53642023bdbc9b,虫之预感,有色眼镜,"",9,无,920,烈腿蝗,虫,恶
667968c53d53642023bdbc9c,静电,铁拳,"",9,无,921,布拨,电,""
667968c53d53642023bdbc9d,蓄电,铁拳,"",9,无,922,布土拨,电,格斗
667968c53d53642023bdbc9e,蓄电,铁拳,"",9,无,923,巴布土拨,电,格斗
667968c53d53642023bdbc9f,逃跑,我行我素,"",9,无,924,一对鼠,一般,""
667968c53d53642023bdbca0,友情防守,技术高手,"",9,无,925,一家鼠,一般,""
667968c53d53642023bdbca1,我行我素,笨拙,"",9,无,926,狗仔包,妖精,""
667968c53d53642023bdbca2,焦香之躯,芳香幕,"",9,无,927,麻花犬,妖精,""
667968c53d53642023bdbca3,早起,收获,"",9,无,928,迷你芙,草,一般
667968c53d53642023bdbca4,早起,收获,"",9,无,929,奥利纽,草,一般
667968c53d53642023bdbca5,掉出种子,收获,"",9,无,930,奥利瓦,草,一般
667968c53d53642023bdbca6,威吓,毅力,绿羽毛,9,无,931,怒鹦哥绿羽毛,一般,飞行
667968c53d53642023bdbca7,威吓,毅力,蓝羽毛,9,无,931,怒鹦哥蓝羽毛,一般,飞行
667968c53d53642023bdbca8,威吓,强行,黄羽毛,9,无,931,怒鹦哥黄羽毛,一般,飞行
667968c53d53642023bdbca9,威吓,强行,白羽毛,9,无,931,怒鹦哥白羽毛,一般,飞行
667968c53d53642023bdbcaa,洁净之盐,恒净之躯,"",9,无,932,盐石宝,岩石,""
667968c53d53642023bdbcab,洁净之盐,恒净之躯,"",9,无,933,盐石垒,岩石,""
667968c53d53642023bdbcac,洁净之盐,恒净之躯,"",9,无,934,盐石巨灵,岩石,""
667968c53d53642023bdbcad,引火,火焰之躯,"",9,无,935,炭小侍,火,""
667968c53d53642023bdbcae,引火,碎裂铠甲,"",9,无,936,红莲铠骑,火,超能力
667968c53d53642023bdbcaf,引火,碎裂铠甲,"",9,无,937,苍炎刃鬼,火,幽灵
667968c53d53642023bdbcb0,我行我素,湿气,"",9,无,938,光蚪仔,电,""
667968c53d53642023bdbcb1,电力转换,湿气,"",9,无,939,电肚蛙,电,""
667968c53d53642023bdbcb2,风力发电,好胜,"",9,无,940,电海燕,电,飞行
667968c53d53642023bdbcb3,风力发电,好胜,"",9,无,941,大电海燕,电,飞行
667968c53d53642023bdbcb4,威吓,蹲守,"",9,无,942,偶叫獒,恶,""
667968c53d53642023bdbcb5,威吓,蹲守,"",9,无,943,獒教父,恶,""
667968c53d53642023bdbcb6,轻装,恶作剧之心,"",9,无,944,滋汁鼹,毒,一般
667968c53d53642023bdbcb7,轻装,恶作剧之心,"",9,无,945,涂标客,毒,一般
667968c53d53642023bdbcb8,乘风,穿透,"",9,无,946,纳噬草,草,幽灵
667968c53d53642023bdbcb9,乘风,穿透,"",9,无,947,怖纳噬草,草,幽灵
667968c53d53642023bdbcba,菌丝之力,"","",9,无,948,原野水母,地面,草
667968c53d53642023bdbcbb,菌丝之力,"","",9,无,949,陆地水母,地面,草
667968c53d53642023bdbcbc,愤怒甲壳,再生力,"",9,无,950,毛崖蟹,岩石,""
667968c53d53642023bdbcbd,叶绿素,笨拙,"",9,无,951,热辣娃,草,""
667968c53d53642023bdbcbe,叶绿素,心情不定,"",9,无,952,狠辣椒,草,火
667968c53d53642023bdbcbf,复眼,蜕皮,"",9,无,953,虫滚泥,虫,""
667968c53d53642023bdbcc0,同步,心灵感应,"",9,无,954,虫甲圣,虫,超能力
667968c53d53642023bdbcc1,危险预知,加速,"",9,无,955,飘飘雏,超能力,""
667968c53d53642023bdbcc2,跟风,加速,"",9,无,956,超能艳鸵,超能力,""
667968c53d53642023bdbcc3,破格,顺手牵羊,"",9,无,957,小锻匠,妖精,钢
667968c53d53642023bdbcc4,破格,顺手牵羊,"",9,无,958,巧锻匠,妖精,钢
667968c53d53642023bdbcc5,破格,顺手牵羊,"",9,无,959,巨锻匠,妖精,钢
667968c53d53642023bdbcc6,黏滑,沙隐,"",9,无,960,海地鼠,水,""
667968c53d53642023bdbcc7,黏滑,沙隐,"",9,无,961,三海地鼠,水,""
667968c53d53642023bdbcc8,健壮胸肌,搬岩,"",9,无,962,下石鸟,飞行,恶
667968c53d53642023bdbcc9,水幕,"","",9,无,963,波普海豚,水,""
667968c53d53642023bdbcca,全能变身,"","",9,无,964,海豚侠,水,""
667968c53d53642023bdbccb,防尘,慢启动,"",9,无,965,噗隆隆,钢,毒
667968c53d53642023bdbccc,防尘,过滤,"",9,无,966,普隆隆姆,钢,毒
667968c53d53642023bdbccd,威吓,"",阁道二天星队车,9,无,966,普隆隆姆阁道二天星队车,恶,""
667968c53d53642023bdbcce,薄雾制造者,"",阁道三天星队车,9,无,966,普隆隆姆阁道三天星队车,妖精,""
667968c53d53642023bdbccf,持久力,"",王良一天星队车,9,无,966,普隆隆姆王良一天星队车,格斗,""
667968c53d53642023bdbcd0,加速,"",王良四天星队车,9,无,966,普隆隆姆王良四天星队车,火,""
667968c53d53642023bdbcd1,毒满地,"",策星天星队车,9,无,966,普隆隆姆策星天星队车,毒,""
667968c53d53642023bdbcd2,蜕皮,再生力,"",9,无,967,摩托蜥,龙,一般
667968c53d53642023bdbcd3,食土,沙隐,"",9,无,968,拖拖蚓,钢,""
667968c53d53642023bdbcd4,毒满地,腐蚀,"",9,无,969,晶光芽,岩石,毒
667968c53d53642023bdbcd5,毒满地,腐蚀,"",9,无,970,晶光花,岩石,毒
667968c53d53642023bdbcd6,捡拾,毛茸茸,"",9,无,971,墓仔狗,幽灵,""
667968c53d53642023bdbcd7,拨沙,毛茸茸,"",9,无,972,墓扬犬,幽灵,""
667968c53d53642023bdbcd8,胆量,同台共演,"",9,无,973,缠红鹤,飞行,格斗
667968c53d53642023bdbcd9,厚脂肪,强行,"",9,无,974,走鲸,冰,""
667968c53d53642023bdbcda,厚脂肪,强行,"",9,无,975,浩大鲸,冰,""
667968c53d53642023bdbcdb,破格,锋锐,"",9,无,976,轻身鳕,水,超能力
667968c53d53642023bdbcdc,纯朴,水幕,"",9,无,977,吃吼霸,水,""
667968c53d53642023bdbcdd,发号施令,引水,"",9,无,978,米立龙,龙,水
667968c53d53642023bdbcde,干劲,不服输,"",9,无,979,弃世猴,格斗,幽灵
667968c53d53642023bdbcdf,毒刺,纯朴,"",9,无,980,土王,毒,地面
667968c53d53642023bdbce0,反刍,食草,"",9,无,981,奇麒麟,一般,超能力
667968c53d53642023bdbce1,天恩,胆怯,"",9,无,982,土龙节节,一般,""
667968c53d53642023bdbce2,不服输,压迫感,"",9,无,983,仆刀将军,恶,钢
667968c53d53642023bdbce3,古代活性,"","",9,无,984,雄伟牙,地面,格斗
667968c53d53642023bdbce4,古代活性,"","",9,无,985,吼叫尾,妖精,超能力
667968c53d53642023bdbce5,古代活性,"","",9,无,986,猛恶菇,草,恶
667968c53d53642023bdbce6,古代活性,"","",9,无,987,振翼发,幽灵,妖精
667968c53d53642023bdbce7,古代活性,"","",9,无,988,爬地翅,虫,格斗
667968c53d53642023bdbce8,古代活性,"","",9,无,989,沙铁皮,电,地面
667968c53d53642023bdbce9,夸克充能,"","",9,无,990,铁辙迹,地面,钢
667968c53d53642023bdbcea,夸克充能,"","",9,无,991,铁包袱,冰,水
667968c53d53642023bdbceb,夸克充能,"","",9,无,992,铁臂膀,格斗,电
667968c53d53642023bdbcec,夸克充能,"","",9,无,993,铁脖颈,恶,飞行
667968c53d53642023bdbced,夸克充能,"","",9,无,994,铁毒蛾,火,毒
667968c53d53642023bdbcee,夸克充能,"","",9,无,995,铁荆棘,岩石,电
667968c53d53642023bdbcef,热交换,冰冻之躯,"",9,无,996,凉脊龙,龙,冰
667968c53d53642023bdbcf0,热交换,冰冻之躯,"",9,无,997,冻脊龙,龙,冰
667968c53d53642023bdbcf1,热交换,冰冻之躯,"",9,无,998,戟脊龙,龙,冰
667968c53d53642023bdbcf2,胆怯,"",宝箱形态,9,无,999,索财灵宝箱形态,幽灵,""
667968c53d53642023bdbcf3,逃跑,"",徒步形态,9,无,999,索财灵徒步形态,幽灵,""
667968c53d53642023bdbcf4,黄金之躯,"","",9,无,1000,赛富豪,钢,幽灵
667968c53d53642023bdbcf5,灾祸之简,"","",9,无,1001,古简蜗,恶,草
667968c53d53642023bdbcf6,灾祸之剑,"","",9,无,1002,古剑豹,恶,冰
667968c53d53642023bdbcf7,灾祸之鼎,"","",9,无,1003,古鼎鹿,恶,地面
667968c53d53642023bdbcf8,灾祸之玉,"","",9,无,1004,古玉鱼,恶,火
667968c53d53642023bdbcf9,古代活性,"","",9,无,1005,轰鸣月,龙,恶
667968c53d53642023bdbcfa,夸克充能,"","",9,无,1006,铁武者,妖精,格斗
667968c53d53642023bdbcfb,绯红脉动,"","",9,无,1007,故勒顿,格斗,龙,,,,,
667968c53d53642023bdbcfc,强子引擎,"","",9,无,1008,密勒顿,电,龙,,,,,
667968c53d53642023bdbcfd,古代活性,"","",9,无,1009,波荡水,水,龙,,,,,
667968c53d53642023bdbcfe,夸克充能,"","",9,无,1010,铁斑叶,草,超能力,,,,,
667968c53d53642023bdbcff,甘露之蜜,黏着,"",9,无,1011,裹蜜虫,草,龙,,,,,
667968c53d53642023bdbd00,款待,耐热,"",9,无,1012,斯魔茶,草,幽灵,,,,,
667968c53d53642023bdbd01,款待,耐热,"",9,无,1013,来悲粗茶,草,幽灵,,,,,
667968c53d53642023bdbd02,毒锁链,看门犬,"",9,无,1014,够赞狗,毒,格斗,,,,,
667968c53d53642023bdbd03,毒锁链,察觉,"",9,无,1015,愿增猿,毒,超能力,,,,,
667968c53d53642023bdbd04,毒锁链,技术高手,"",9,无,1016,吉雉鸡,毒,妖精,,,,,
667968c53d53642023bdbd05,不服输,"",碧草面具,9,无,1017,厄诡椪碧草面具,草,"",,,,,
667968c53d53642023bdbd06,面影辉映,"",碧草面具（太晶化）,9,无,1017,厄诡椪碧草面具（太晶化）,草,"",,,,,
667968c53d53642023bdbd07,储水,"",水井面具,9,无,1017,厄诡椪水井面具,草,水,,,,,
667968c53d53642023bdbd08,面影辉映,"",水井面具（太晶化）,9,无,1017,厄诡椪水井面具（太晶化）,草,水,,,,,
667968c53d53642023bdbd09,破格,"",火灶面具,9,无,1017,厄诡椪火灶面具,草,火,,,,,
667968c53d53642023bdbd0a,面影辉映,"",火灶面具（太晶化）,9,无,1017,厄诡椪火灶面具（太晶化）,草,火,,,,,
667968c53d53642023bdbd0b,结实,"",础石面具,9,无,1017,厄诡椪础石面具,草,岩石,,,,,
667968c53d53642023bdbd0c,面影辉映,"",础石面具（太晶化）,9,无,1017,厄诡椪础石面具（太晶化）,草,岩石,,,,,
667968c53d53642023bdbd0d,持久力,坚毅,"",9,无,1018,铝钢桥龙,钢,龙,,,,,
667968c53d53642023bdbd0e,甘露之蜜,黏着,"",9,无,1019,蜜集大蛇,草,龙,,,,,
667968c53d53642023bdbd0f,古代活性,"","",9,无,1020,破空焰,火,龙,,,,,
667968c53d53642023bdbd10,古代活性,"","",9,无,1021,猛雷鼓,电,龙,,,,,
667968c53d53642023bdbd11,夸克充能,"","",9,无,1022,铁磐岩,岩石,超能力,,,,,
667968c53d53642023bdbd12,夸克充能,"","",9,无,1023,铁头壳,钢,超能力,,,,,
667968c53d53642023bdbd13,太晶变形,"","",9,无,1024,太乐巴戈斯,一般,"",,,,,
667968c53d53642023bdbd14,太晶甲壳,"",太晶形态,9,无,1024,太乐巴戈斯太晶形态,一般,"",,,,,
667968c53d53642023bdbd15,归零化境,"",星晶形态,9,无,1024,太乐巴戈斯星晶形态,一般,"",,,,,
667968c53d53642023bdbd16,毒傀儡,"","",9,无,1025,桃歹郎,毒,幽灵,,,,,
667968c53d53642023bdbd17,,,,,,,除虫喷雾,,,使用后，在较短的一段时间内，弱小的野生宝可梦将完全不会出现。,https://s1.52poke.wiki/wiki/thumb/e/ef/Bag_%E9%99%A4%E8%99%AB%E5%96%B7%E9%9B%BE_SV_Sprite.png/30px-Bag_%E9%99%A4%E8%99%AB%E5%96%B7%E9%9B%BE_SV_Sprite.png,Repel,むしよけスプレー,道具#野外使用的道具
667968c53d53642023bdbd18,,,,,,,白银喷雾,,,弱小的野生宝可梦将完全不会出现。效果比除虫喷雾更持久。,https://s1.52poke.wiki/wiki/thumb/b/ba/Bag_%E7%99%BD%E9%93%B6%E5%96%B7%E9%9B%BE_SV_Sprite.png/30px-Bag_%E7%99%BD%E9%93%B6%E5%96%B7%E9%9B%BE_SV_Sprite.png,Super Repel,シルバースプレー,道具#野外使用的道具
667968c53d53642023bdbd19,,,,,,,黄金喷雾,,,弱小的野生宝可梦将完全不会出现。效果比白银喷雾更持久。,https://s1.52poke.wiki/wiki/thumb/b/b1/Bag_%E9%BB%84%E9%87%91%E5%96%B7%E9%9B%BE_SV_Sprite.png/30px-Bag_%E9%BB%84%E9%87%91%E5%96%B7%E9%9B%BE_SV_Sprite.png,Max Repel,ゴールドスプレー,道具#野外使用的道具
667968c53d53642023bdbd1a,,,,,,,木箱,,,打开看看。,https://s1.52poke.wiki/wiki/d/df/Bag_%E6%9C%AA%E7%9F%A5_Sprite.png,Normal Box,きのはこ,道具#野外使用的道具
667968c53d53642023bdbd1b,,,,,,,桐木箱,,,打开看看。,https://s1.52poke.wiki/wiki/d/df/Bag_%E6%9C%AA%E7%9F%A5_Sprite.png,Gorgeous Box,きりのはこ,道具#野外使用的道具
667968c53d53642023bdbd1c,,,,,,,蓝色玻璃哨,,,以蓝色玻璃制成的哨子。可以治愈睡眠状态。,https://s1.52poke.wiki/wiki/thumb/d/d9/Dream_%E8%93%9D%E8%89%B2%E7%8E%BB%E7%92%83%E5%93%A8_Sprite.png/30px-Dream_%E8%93%9D%E8%89%B2%E7%8E%BB%E7%92%83%E5%93%A8_Sprite.png,Blue Flute,あおいビードロ,道具#野外使用的道具
667968c53d53642023bdbd1d,,,,,,,黄色玻璃哨,,,以黄色玻璃制成的哨子。可以治愈混乱状态。,https://s1.52poke.wiki/wiki/thumb/7/75/Dream_%E9%BB%84%E8%89%B2%E7%8E%BB%E7%92%83%E5%93%A8_Sprite.png/30px-Dream_%E9%BB%84%E8%89%B2%E7%8E%BB%E7%92%83%E5%93%A8_Sprite.png,Yellow Flute,きいろビードロ,道具#野外使用的道具
667968c53d53642023bdbd1e,,,,,,,红色玻璃哨,,,以红色玻璃制成的哨子。可以治愈着迷状态。,https://s1.52poke.wiki/wiki/thumb/1/1d/Dream_%E7%BA%A2%E8%89%B2%E7%8E%BB%E7%92%83%E5%93%A8_Sprite.png/30px-Dream_%E7%BA%A2%E8%89%B2%E7%8E%BB%E7%92%83%E5%93%A8_Sprite.png,Red Flute,あかいビードロ,道具#野外使用的道具
667968c53d53642023bdbd1f,,,,,,,黑色玻璃哨,,,以黑色玻璃制成的哨子。在使用的地方更容易遇到强大的宝可梦。,https://s1.52poke.wiki/wiki/thumb/7/7e/Dream_%E9%BB%91%E8%89%B2%E7%8E%BB%E7%92%83%E5%93%A8_Sprite.png/30px-Dream_%E9%BB%91%E8%89%B2%E7%8E%BB%E7%92%83%E5%93%A8_Sprite.png,Black Flute,くろいビードロ,道具#野外使用的道具
667968c53d53642023bdbd20,,,,,,,白色玻璃哨,,,以白色玻璃制成的哨子。在使用的地方更容易遇到弱小的宝可梦。,https://s1.52poke.wiki/wiki/thumb/4/4b/Dream_%E7%99%BD%E8%89%B2%E7%8E%BB%E7%92%83%E5%93%A8_Sprite.png/30px-Dream_%E7%99%BD%E8%89%B2%E7%8E%BB%E7%92%83%E5%93%A8_Sprite.png,White Flute,しろいビードロ,道具#野外使用的道具
667968c53d53642023bdbd21,,,,,,,速速肥,,,培育树果时的肥料。但完全不适合丰缘地区的土壤，所以没什么效果。,https://s1.52poke.wiki/wiki/7/76/Bag_%E9%80%9F%E9%80%9F%E8%82%A5_Sprite.png,Growth Mulch,すくすくこやし,道具#野外使用的道具
667968c53d53642023bdbd22,,,,,,,湿湿肥,,,培育树果时的肥料。但完全不适合丰缘地区的土壤，所以没什么效果。,https://s1.52poke.wiki/wiki/0/00/Bag_%E6%B9%BF%E6%B9%BF%E8%82%A5_Sprite.png,Damp Mulch,じめじめこやし,道具#野外使用的道具
667968c53d53642023bdbd23,,,,,,,久久肥,,,培育树果时的肥料。但完全不适合丰缘地区的土壤，所以没什么效果。,https://s1.52poke.wiki/wiki/2/2b/Bag_%E4%B9%85%E4%B9%85%E8%82%A5_Sprite.png,Stable Mulch,ながながこやし,道具#野外使用的道具
667968c53d53642023bdbd24,,,,,,,粘粘肥,,,培育树果时的肥料。但完全不适合丰缘地区的土壤，所以没什么效果。,https://s1.52poke.wiki/wiki/a/ac/Bag_%E7%B2%98%E7%B2%98%E8%82%A5_Sprite.png,Gooey Mulch,ねばねばこやし,道具#野外使用的道具
667968c53d53642023bdbd25,,,,,,,硕果肥,,,培育树果时的肥料。但完全不适合丰缘地区的土壤，所以没什么效果。,https://s1.52poke.wiki/wiki/7/79/Bag_%E7%A1%95%E6%9E%9C%E8%82%A5_Sprite.png,Rich Mulch,たわわこやし,道具#野外使用的道具
667968c53d53642023bdbd26,,,,,,,吃惊肥,,,培育树果时的肥料。但完全不适合丰缘地区的土壤，所以没什么效果。,https://s1.52poke.wiki/wiki/7/72/Bag_%E5%90%83%E6%83%8A%E8%82%A5_Sprite.png,Surprise Mulch,びっくりこやし,道具#野外使用的道具
667968c53d53642023bdbd27,,,,,,,劲劲肥,,,培育树果时的肥料。但完全不适合丰缘地区的土壤，所以没什么效果。,https://s1.52poke.wiki/wiki/c/c6/Bag_%E5%8A%B2%E5%8A%B2%E8%82%A5_Sprite.png,Boost Mulch,ぐんぐんこやし,道具#野外使用的道具
667968c53d53642023bdbd28,,,,,,,超效肥,,,培育树果时的肥料。但完全不适合丰缘地区的土壤，所以没什么效果。,https://s1.52poke.wiki/wiki/a/a6/Bag_%E8%B6%85%E6%95%88%E8%82%A5_Sprite.png,Amaze Mulch,とんでもこやし,道具#野外使用的道具
667968c53d53642023bdbd29,,,,,,,朱红色花蜜,,,朱红色花的花蜜。可以改变特定宝可梦的样子。,https://s1.52poke.wiki/wiki/thumb/8/81/Bag_%E6%9C%B1%E7%BA%A2%E8%89%B2%E8%8A%B1%E8%9C%9C_SV_Sprite.png/30px-Bag_%E6%9C%B1%E7%BA%A2%E8%89%B2%E8%8A%B1%E8%9C%9C_SV_Sprite.png,Red Nectar,くれないのミツ,道具#野外使用的道具
667968c53d53642023bdbd2a,,,,,,,金黄色花蜜,,,金黄色花的花蜜。可以改变特定宝可梦的样子。,https://s1.52poke.wiki/wiki/thumb/1/15/Bag_%E9%87%91%E9%BB%84%E8%89%B2%E8%8A%B1%E8%9C%9C_SV_Sprite.png/30px-Bag_%E9%87%91%E9%BB%84%E8%89%B2%E8%8A%B1%E8%9C%9C_SV_Sprite.png,Yellow Nectar,やまぶきのミツ,道具#野外使用的道具
667968c53d53642023bdbd2b,,,,,,,桃粉色花蜜,,,桃粉色花的花蜜。可以改变特定宝可梦的样子。,https://s1.52poke.wiki/wiki/thumb/1/13/Bag_%E6%A1%83%E7%B2%89%E8%89%B2%E8%8A%B1%E8%9C%9C_SV_Sprite.png/30px-Bag_%E6%A1%83%E7%B2%89%E8%89%B2%E8%8A%B1%E8%9C%9C_SV_Sprite.png,Pink Nectar,うすもものミツ,道具#野外使用的道具
667968c53d53642023bdbd2c,,,,,,,兰紫色花蜜,,,兰紫色花的花蜜。可以改变特定宝可梦的样子。,https://s1.52poke.wiki/wiki/thumb/c/c4/Bag_%E5%85%B0%E7%B4%AB%E8%89%B2%E8%8A%B1%E8%9C%9C_SV_Sprite.png/30px-Bag_%E5%85%B0%E7%B4%AB%E8%89%B2%E8%8A%B1%E8%9C%9C_SV_Sprite.png,Purple Nectar,むらさきのミツ,道具#野外使用的道具
667968c53d53642023bdbd2d,,,,,,,树叶信,,,以树叶制作的信件。上面留有皮卡丘的足迹，好像是要表达些什么。,https://s1.52poke.wiki/wiki/e/e9/Bag_%E6%A0%91%E5%8F%B6%E4%BF%A1_%E7%9A%AE%E5%8D%A1%E4%B8%98_Sprite.png,Leaf Letter,このはのおてがみ,道具#野外使用的道具
667968c53d53642023bdbd2e,,,,,,,树叶信,,,以树叶制作的信件。上面留有伊布的足迹，好像是要表达些什么。,https://s1.52poke.wiki/wiki/6/6a/Bag_%E6%A0%91%E5%8F%B6%E4%BF%A1_%E4%BC%8A%E5%B8%83_Sprite.png,Leaf Letter,このはのおてがみ,道具#野外使用的道具
667968c53d53642023bdbd2f,,,,,,,小小花束,,,竭尽心力制作的素雅花束。里面满满都是对训练家的心意。,https://s1.52poke.wiki/wiki/2/20/Bag_%E5%B0%8F%E5%B0%8F%E8%8A%B1%E6%9D%9F_Sprite.png,Small Bouquet,ちいさなはなたば,道具#野外使用的道具
667968c53d53642023bdbd30,,,,,,,引虫香水,,,使用该香水后的一小段时间内，稀有宝可梦会更容易出现。,https://s1.52poke.wiki/wiki/8/87/Bag_%E5%BC%95%E8%99%AB%E9%A6%99%E6%B0%B4_Sprite.png,Lure,むしよせコロン,道具#野外使用的道具
667968c53d53642023bdbd31,,,,,,,白银香水,,,使用该香水后，稀有宝可梦会更容易出现。效果比引虫香水更持久。,https://s1.52poke.wiki/wiki/5/5f/Bag_%E7%99%BD%E9%93%B6%E9%A6%99%E6%B0%B4_Sprite.png,Super Lure,シルバーコロン,道具#野外使用的道具
667968c53d53642023bdbd32,,,,,,,黄金香水,,,使用该香水后，稀有宝可梦会更容易出现。效果比白银香水更持久。,https://s1.52poke.wiki/wiki/7/72/Bag_%E9%BB%84%E9%87%91%E9%A6%99%E6%B0%B4_Sprite.png,Max Lure,ゴールドコロン,道具#野外使用的道具
667968c53d53642023bdbd33,,,,,,,许愿星碎片,,,投掷数个到宝可梦的巢穴里，可能就会有极巨化宝可梦出现。,https://s1.52poke.wiki/wiki/4/43/Bag_%E8%AE%B8%E6%84%BF%E6%98%9F%E7%A2%8E%E7%89%87_Sprite.png,Wishing Chip,ねがいのかけら,道具#野外使用的道具
667968c53d53642023bdbd34,,,,,,,许愿星块,,,投掷到宝可梦的巢穴里，就会有极巨化宝可梦出现。,https://s1.52poke.wiki/wiki/0/01/Bag_%E8%AE%B8%E6%84%BF%E6%98%9F%E5%9D%97_Sprite.png,Wishing Pieces,ねがいのかたまり,道具#野外使用的道具
667968c53d53642023bdbd35,,,,,,,楔石,,,没有它，石之塔就会崩塌的重要石头。有时能从石头里听到声音。,https://s1.52poke.wiki/wiki/thumb/9/93/Bag_%E6%A5%94%E7%9F%B3_SV_Sprite.png/30px-Bag_%E6%A5%94%E7%9F%B3_SV_Sprite.png,Odd Keystone,かなめいし,道具#野外使用的道具
667968c53d53642023bdbd36,,,,,,,数据卡,,,"",https://s1.52poke.wiki/wiki/9/92/Bag_%E8%B3%87%E6%96%99%E5%8D%A1_Sprite.png,Data Card,データカード,道具#野外使用的道具
667968c53d53642023bdbd37,,,,,,,折价券,,,在时装店买道具时，能以比平时更低的价格购买的券。,https://s1.52poke.wiki/wiki/3/35/Bag_%E6%8A%98%E4%BB%B7%E5%88%B8_Sprite.png,Discount Coupon,バーゲンチケット,道具#野外使用的道具
667968c53d53642023bdbd38,,,,,,,极巨结晶,,,使用后的当天，旷野地带的瞭望塔巨巢中会出现【宝可梦的名字】。,https://s1.52poke.wiki/wiki/f/f8/Bag_%E6%9E%81%E5%B7%A8%E7%BB%93%E6%99%B6_Sprite.png,Dynamax Crystal,ダイクリスタル,道具#野外使用的道具
667968c53d53642023bdbd39,,,,,,,匿声喷雾,,,使用后的一小段时间内，自己的脚步声将会消失，变得不容易被野生宝可梦察觉。,https://s1.52poke.wiki/wiki/thumb/1/10/Bag_%E5%8C%BF%E5%A3%B0%E5%96%B7%E9%9B%BE_LA_Sprite.png/30px-Bag_%E5%8C%BF%E5%A3%B0%E5%96%B7%E9%9B%BE_LA_Sprite.png,Stealth Spray,ひそやかスプレー,道具#野外使用的道具
667968c53d53642023bdbd3a,,,,,,,晶晶蜜,,,闪耀着琥珀色光泽的蜜。是虫宝可梦和妖精类宝可梦喜爱的食物，能吸引它们聚集到投向的地方。,https://s1.52poke.wiki/wiki/thumb/4/49/Bag_%E6%99%B6%E6%99%B6%E8%9C%9C_LA_Sprite.png/30px-Bag_%E6%99%B6%E6%99%B6%E8%9C%9C_LA_Sprite.png,Dazzling Honey,きらきらミツ,道具#野外使用的道具
667968c53d53642023bdbd3b,,,,,,,旺旺谷,,,美丽且生气勃勃的谷物。是陆地上的宝可梦喜爱的食物，能吸引它们聚集到投向的地方。,https://s1.52poke.wiki/wiki/thumb/4/42/Bag_%E6%97%BA%E6%97%BA%E8%B0%B7_LA_Sprite.png/30px-Bag_%E6%97%BA%E6%97%BA%E8%B0%B7_LA_Sprite.png,Hearty Grains,いきいきイナホ,道具#野外使用的道具
667968c53d53642023bdbd3c,,,,,,,滚滚豆,,,结实饱满的大颗豆子。是鸟宝可梦和鱼宝可梦喜爱的食物，能吸引它们聚集到投向的地方。,https://s1.52poke.wiki/wiki/thumb/0/07/Bag_%E6%BB%9A%E6%BB%9A%E8%B1%86_LA_Sprite.png/30px-Bag_%E6%BB%9A%E6%BB%9A%E8%B1%86_LA_Sprite.png,Plump Beans,ころころマメ,道具#野外使用的道具
667968c53d53642023bdbd3d,,,,,,,糯糯菇,,,硕大而成熟的蘑菇。是怪兽类和龙类宝可梦喜爱的食物，能吸引它们聚集到投向的地方。,https://s1.52poke.wiki/wiki/thumb/4/46/Bag_%E7%B3%AF%E7%B3%AF%E8%8F%87_LA_Sprite.png/30px-Bag_%E7%B3%AF%E7%B3%AF%E8%8F%87_LA_Sprite.png,Springy Mushroom,もちもちキノコ,道具#野外使用的道具
667968c53d53642023bdbd3e,,,,,,,坚坚矿,,,晶莹剔透的矿物。是草类和岩石类宝可梦喜爱的食物，能吸引它们聚集到投向的地方。,https://s1.52poke.wiki/wiki/thumb/a/a2/Bag_%E5%9D%9A%E5%9D%9A%E7%9F%BF_LA_Sprite.png/30px-Bag_%E5%9D%9A%E5%9D%9A%E7%9F%BF_LA_Sprite.png,Crunchy Salt,ごりごりミネラル,道具#野外使用的道具
667968c53d53642023bdbd3f,,,,,,,泥丸,,,硬邦邦的坚固泥丸。被它击中的宝可梦动作会变得迟缓，有时还会生出破绽。,https://s1.52poke.wiki/wiki/thumb/5/52/Bag_%E6%B3%A5%E4%B8%B8_LA_Sprite.png/30px-Bag_%E6%B3%A5%E4%B8%B8_LA_Sprite.png,Ball of Mud,どろだんご,道具#野外使用的道具
667968c53d53642023bdbd40,,,,,,,蛀球果,,,果肉被吃掉了的球果。被它投中的宝可梦动作会变得迟缓，有时还会生出破绽。,https://s1.52poke.wiki/wiki/thumb/f/f6/Bag_%E8%9B%80%E7%90%83%E6%9E%9C_LA_Sprite.png/30px-Bag_%E8%9B%80%E7%90%83%E6%9E%9C_LA_Sprite.png,Spoiled Apricorn,むしくいぼんぐり,道具#野外使用的道具
667968c53d53642023bdbd41,,,,,,,雪丸,,,用雪压成的球状物体。用它投中宝可梦能使其动作变得迟缓，有时还会生出破绽。,https://s1.52poke.wiki/wiki/thumb/e/e1/Bag_%E9%9B%AA%E4%B8%B8_LA_Sprite.png/30px-Bag_%E9%9B%AA%E4%B8%B8_LA_Sprite.png,Snowball,ゆきだま,道具#野外使用的道具
667968c53d53642023bdbd42,,,,,,,黏丸,,,黏糊糊的球状物体。用它投中宝可梦能使其动作变得迟缓，有时还会生出破绽。,https://s1.52poke.wiki/wiki/thumb/e/e8/Bag_%E9%BB%8F%E4%B8%B8_LA_Sprite.png/30px-Bag_%E9%BB%8F%E4%B8%B8_LA_Sprite.png,Sticky Glob,ねばりだま,道具#野外使用的道具
667968c53d53642023bdbd43,,,,,,,声弹,,,丢向地面后会发出巨大的声响，将弱小的宝可梦赶走。,https://s1.52poke.wiki/wiki/thumb/d/d2/Bag_%E5%A3%B0%E5%BC%B9_LA_Sprite.png/30px-Bag_%E5%A3%B0%E5%BC%B9_LA_Sprite.png,Scatter Bang,ばりばりだま,道具#野外使用的道具
667968c53d53642023bdbd44,,,,,,,烟弹,,,丢向地面后，飞散的细粉会遮蔽周围的视野，让自己不会被宝可梦察觉。,https://s1.52poke.wiki/wiki/thumb/b/ba/Bag_%E7%83%9F%E5%BC%B9_LA_Sprite.png/30px-Bag_%E7%83%9F%E5%BC%B9_LA_Sprite.png,Smoke Bomb,めかくしだま,道具#野外使用的道具
667968c53d53642023bdbd45,,,,,,,蜜诱团,,,由蜜与诱团原料糅合而成。对虫宝可梦和妖精类宝可梦有着很强的吸引力。,https://s1.52poke.wiki/wiki/thumb/6/62/Bag_%E8%9C%9C%E8%AF%B1%E5%9B%A2_LA_Sprite.png/30px-Bag_%E8%9C%9C%E8%AF%B1%E5%9B%A2_LA_Sprite.png,Honey Cake,ミツよせだま,道具#野外使用的道具
667968c53d53642023bdbd46,,,,,,,谷诱团,,,由谷物与诱团原料糅合而成。对陆地上的宝可梦有着很强的吸引力。,https://s1.52poke.wiki/wiki/thumb/e/ee/Bag_%E8%B0%B7%E8%AF%B1%E5%9B%A2_LA_Sprite.png/30px-Bag_%E8%B0%B7%E8%AF%B1%E5%9B%A2_LA_Sprite.png,Grain Cake,イナホよせだま,道具#野外使用的道具
667968c53d53642023bdbd47,,,,,,,豆诱团,,,由豆子与诱团原料糅合而成。对鸟宝可梦和鱼宝可梦有着很强的吸引力。,https://s1.52poke.wiki/wiki/thumb/d/d8/Bag_%E8%B1%86%E8%AF%B1%E5%9B%A2_LA_Sprite.png/30px-Bag_%E8%B1%86%E8%AF%B1%E5%9B%A2_LA_Sprite.png,Bean Cake,マメよせだま,道具#野外使用的道具
667968c53d53642023bdbd48,,,,,,,菇诱团,,,由蘑菇与诱团原料糅合而成。对怪兽类和龙类宝可梦有着很强的吸引力。,https://s1.52poke.wiki/wiki/thumb/1/17/Bag_%E8%8F%87%E8%AF%B1%E5%9B%A2_LA_Sprite.png/30px-Bag_%E8%8F%87%E8%AF%B1%E5%9B%A2_LA_Sprite.png,Mushroom Cake,キノコよせだま,道具#野外使用的道具
667968c53d53642023bdbd49,,,,,,,矿诱团,,,由矿物与诱团原料糅合而成。对草类和岩石类宝可梦有着很强的吸引力。,https://s1.52poke.wiki/wiki/thumb/4/4e/Bag_%E7%9F%BF%E8%AF%B1%E5%9B%A2_LA_Sprite.png/30px-Bag_%E7%9F%BF%E8%AF%B1%E5%9B%A2_LA_Sprite.png,Salt Cake,ミネラルよせだま,道具#野外使用的道具
667968c53d53642023bdbd4a,,,,,,,ＰＰ提升剂,,,能让宝可梦学会的其中１个招式的ＰＰ最大值少量提高。,https://s1.52poke.wiki/wiki/thumb/e/e0/Bag_%EF%BC%B0%EF%BC%B0%E6%8F%90%E5%8D%87%E5%89%82_SV_Sprite.png/30px-Bag_%EF%BC%B0%EF%BC%B0%E6%8F%90%E5%8D%87%E5%89%82_SV_Sprite.png,PP Up,ポイントアップ,道具#培养宝可梦的道具
667968c53d53642023bdbd4b,,,,,,,ＰＰ极限提升剂,,,能将宝可梦学会的其中１个招式的ＰＰ最大值提至最高。,https://s1.52poke.wiki/wiki/thumb/f/fa/Bag_%EF%BC%B0%EF%BC%B0%E6%9E%81%E9%99%90%E6%8F%90%E5%8D%87%E5%89%82_SV_Sprite.png/30px-Bag_%EF%BC%B0%EF%BC%B0%E6%9E%81%E9%99%90%E6%8F%90%E5%8D%87%E5%89%82_SV_Sprite.png,PP Max,ポイントマックス,道具#培养宝可梦的道具
667968c53d53642023bdbd4c,,,,,,,ＨＰ增强剂,,,宝可梦的营养饮料。能提高１只宝可梦的ＨＰ的基础点数。,https://s1.52poke.wiki/wiki/thumb/1/1b/Bag_%EF%BC%A8%EF%BC%B0%E5%A2%9E%E5%BC%BA%E5%89%82_SV_Sprite.png/30px-Bag_%EF%BC%A8%EF%BC%B0%E5%A2%9E%E5%BC%BA%E5%89%82_SV_Sprite.png,HP Up,マックスアップ,道具#培养宝可梦的道具
667968c53d53642023bdbd4d,,,,,,,攻击增强剂,,,宝可梦的营养饮料。能提高１只宝可梦的攻击的基础点数。,https://s1.52poke.wiki/wiki/thumb/6/68/Bag_%E6%94%BB%E5%87%BB%E5%A2%9E%E5%BC%BA%E5%89%82_SV_Sprite.png/30px-Bag_%E6%94%BB%E5%87%BB%E5%A2%9E%E5%BC%BA%E5%89%82_SV_Sprite.png,Protein,タウリン,道具#培养宝可梦的道具
667968c53d53642023bdbd4e,,,,,,,防御增强剂,,,宝可梦的营养饮料。能提高１只宝可梦的防御的基础点数。,https://s1.52poke.wiki/wiki/thumb/b/be/Bag_%E9%98%B2%E5%BE%A1%E5%A2%9E%E5%BC%BA%E5%89%82_SV_Sprite.png/30px-Bag_%E9%98%B2%E5%BE%A1%E5%A2%9E%E5%BC%BA%E5%89%82_SV_Sprite.png,Iron,ブロムヘキシン,道具#培养宝可梦的道具
667968c53d53642023bdbd4f,,,,,,,特攻增强剂,,,宝可梦的营养饮料。能提高１只宝可梦的特攻的基础点数。,https://s1.52poke.wiki/wiki/thumb/8/85/Bag_%E7%89%B9%E6%94%BB%E5%A2%9E%E5%BC%BA%E5%89%82_SV_Sprite.png/30px-Bag_%E7%89%B9%E6%94%BB%E5%A2%9E%E5%BC%BA%E5%89%82_SV_Sprite.png,Calcium,リゾチウム,道具#培养宝可梦的道具
667968c53d53642023bdbd50,,,,,,,特防增强剂,,,宝可梦的营养饮料。能提高１只宝可梦的特防的基础点数。,https://s1.52poke.wiki/wiki/thumb/3/37/Bag_%E7%89%B9%E9%98%B2%E5%A2%9E%E5%BC%BA%E5%89%82_SV_Sprite.png/30px-Bag_%E7%89%B9%E9%98%B2%E5%A2%9E%E5%BC%BA%E5%89%82_SV_Sprite.png,Zinc,キトサン,道具#培养宝可梦的道具
667968c53d53642023bdbd51,,,,,,,速度增强剂,,,宝可梦的营养饮料。能提高１只宝可梦的速度的基础点数。,https://s1.52poke.wiki/wiki/thumb/7/76/Bag_%E9%80%9F%E5%BA%A6%E5%A2%9E%E5%BC%BA%E5%89%82_SV_Sprite.png/30px-Bag_%E9%80%9F%E5%BA%A6%E5%A2%9E%E5%BC%BA%E5%89%82_SV_Sprite.png,Carbos,インドメタシン,道具#培养宝可梦的道具
667968c53d53642023bdbd52,,,,,,,体力之羽,,,用于宝可梦的道具。能稍微提高１只宝可梦的ＨＰ的基础点数。,https://s1.52poke.wiki/wiki/thumb/4/49/Bag_%E4%BD%93%E5%8A%9B%E4%B9%8B%E7%BE%BD_SV_Sprite.png/30px-Bag_%E4%BD%93%E5%8A%9B%E4%B9%8B%E7%BE%BD_SV_Sprite.png,Health Wing,たいりょくのハネ,道具#培养宝可梦的道具
667968c53d53642023bdbd53,,,,,,,肌力之羽,,,用于宝可梦的道具。能稍微提高１只宝可梦的攻击的基础点数。,https://s1.52poke.wiki/wiki/thumb/7/7d/Bag_%E8%82%8C%E5%8A%9B%E4%B9%8B%E7%BE%BD_SV_Sprite.png/30px-Bag_%E8%82%8C%E5%8A%9B%E4%B9%8B%E7%BE%BD_SV_Sprite.png,Muscle Wing,きんりょくのハネ,道具#培养宝可梦的道具
667968c53d53642023bdbd54,,,,,,,抵抗之羽,,,用于宝可梦的道具。能稍微提高１只宝可梦的防御的基础点数。,https://s1.52poke.wiki/wiki/thumb/b/b8/Bag_%E6%8A%B5%E6%8A%97%E4%B9%8B%E7%BE%BD_SV_Sprite.png/30px-Bag_%E6%8A%B5%E6%8A%97%E4%B9%8B%E7%BE%BD_SV_Sprite.png,Resist Wing,ていこうのハネ,道具#培养宝可梦的道具
667968c53d53642023bdbd55,,,,,,,智力之羽,,,用于宝可梦的道具。能稍微提高１只宝可梦的特攻的基础点数。,https://s1.52poke.wiki/wiki/thumb/d/d0/Bag_%E6%99%BA%E5%8A%9B%E4%B9%8B%E7%BE%BD_SV_Sprite.png/30px-Bag_%E6%99%BA%E5%8A%9B%E4%B9%8B%E7%BE%BD_SV_Sprite.png,Genius Wing,ちりょくのハネ,道具#培养宝可梦的道具
667968c53d53642023bdbd56,,,,,,,精神之羽,,,用于宝可梦的道具。能稍微提高１只宝可梦的特防的基础点数。,https://s1.52poke.wiki/wiki/thumb/4/4d/Bag_%E7%B2%BE%E7%A5%9E%E4%B9%8B%E7%BE%BD_SV_Sprite.png/30px-Bag_%E7%B2%BE%E7%A5%9E%E4%B9%8B%E7%BE%BD_SV_Sprite.png,Clever Wing,せいしんのハネ,道具#培养宝可梦的道具
667968c53d53642023bdbd57,,,,,,,瞬发之羽,,,用于宝可梦的道具。能稍微提高１只宝可梦的速度的基础点数。,https://s1.52poke.wiki/wiki/thumb/4/45/Bag_%E7%9E%AC%E5%8F%91%E4%B9%8B%E7%BE%BD_SV_Sprite.png/30px-Bag_%E7%9E%AC%E5%8F%91%E4%B9%8B%E7%BE%BD_SV_Sprite.png,Swift Wing,しゅんぱつのハネ,道具#培养宝可梦的道具
667968c53d53642023bdbd58,,,,,,,特性胶囊,,,如果用于有着２种特性的宝可梦，就能令其现有特性变为另一种的胶囊。,https://s1.52poke.wiki/wiki/thumb/8/8b/Bag_%E7%89%B9%E6%80%A7%E8%83%B6%E5%9B%8A_SV_Sprite.png/30px-Bag_%E7%89%B9%E6%80%A7%E8%83%B6%E5%9B%8A_SV_Sprite.png,Ability Capsule,とくせいカプセル,道具#培养宝可梦的道具
667968c53d53642023bdbd59,,,,,,,特性膏药,,,可以改变宝可梦特性的膏药。给拥有常见特性的宝可梦使用后，其特性会转变为稀有特性。,https://s1.52poke.wiki/wiki/thumb/f/ff/Bag_%E7%89%B9%E6%80%A7%E8%86%8F%E8%8D%AF_SV_Sprite.png/30px-Bag_%E7%89%B9%E6%80%A7%E8%86%8F%E8%8D%AF_SV_Sprite.png,Ability Patch,とくせいパッチ,道具#培养宝可梦的道具
667968c53d53642023bdbd5a,,,,,,,怕寂寞薄荷,,,宝可梦闻了这种薄荷之后，攻击会易于提高，而防御则难以提高。,https://s1.52poke.wiki/wiki/thumb/6/62/Bag_%E6%80%95%E5%AF%82%E5%AF%9E%E8%96%84%E8%8D%B7_SV_Sprite.png/30px-Bag_%E6%80%95%E5%AF%82%E5%AF%9E%E8%96%84%E8%8D%B7_SV_Sprite.png,Lonely Mint,さみしがりミント,道具#培养宝可梦的道具
667968c53d53642023bdbd5b,,,,,,,固执薄荷,,,宝可梦闻了这种薄荷之后，攻击会易于提高，而特攻则难以提高。,https://s1.52poke.wiki/wiki/thumb/4/4e/Bag_%E5%9B%BA%E6%89%A7%E8%96%84%E8%8D%B7_SV_Sprite.png/30px-Bag_%E5%9B%BA%E6%89%A7%E8%96%84%E8%8D%B7_SV_Sprite.png,Adamant Mint,いじっぱりミント,道具#培养宝可梦的道具
667968c53d53642023bdbd5c,,,,,,,顽皮薄荷,,,宝可梦闻了这种薄荷之后，会令攻击容易提高，而特防则难以提高。,https://s1.52poke.wiki/wiki/thumb/e/e7/Bag_%E9%A1%BD%E7%9A%AE%E8%96%84%E8%8D%B7_SV_Sprite.png/30px-Bag_%E9%A1%BD%E7%9A%AE%E8%96%84%E8%8D%B7_SV_Sprite.png,Naughty Mint,やんちゃミント,道具#培养宝可梦的道具
667968c53d53642023bdbd5d,,,,,,,勇敢薄荷,,,宝可梦闻了这种薄荷之后，会令攻击容易提高，而速度则难以提高。,https://s1.52poke.wiki/wiki/thumb/b/b2/Bag_%E5%8B%87%E6%95%A2%E8%96%84%E8%8D%B7_SV_Sprite.png/30px-Bag_%E5%8B%87%E6%95%A2%E8%96%84%E8%8D%B7_SV_Sprite.png,Brave Mint,ゆうかんミント,道具#培养宝可梦的道具
667968c53d53642023bdbd5e,,,,,,,大胆薄荷,,,宝可梦闻了这种薄荷之后，会令防御容易提高，而攻击则难以提高。,https://s1.52poke.wiki/wiki/thumb/f/fa/Bag_%E5%A4%A7%E8%83%86%E8%96%84%E8%8D%B7_SV_Sprite.png/30px-Bag_%E5%A4%A7%E8%83%86%E8%96%84%E8%8D%B7_SV_Sprite.png,Bold Mint,ずぶといミント,道具#培养宝可梦的道具
