66796c5c46d92382f8ac0926,"",1,1,Bulbasaur,フシギダネ,妙蛙种子,草,毒
66796c5c46d92382f8ac0927,"",1,2,Ivysaur,フシギソウ,妙蛙草,草,毒
66796c5c46d92382f8ac0928,"",1,3,Venusaur,フシギバナ,妙蛙花,草,毒
66796c5c46d92382f8ac0929,"",1,4,Charmander,ヒトカゲ,小火龙,火,""
66796c5c46d92382f8ac092a,"",1,5,Charmeleon,リザード,火恐龙,火,""
66796c5c46d92382f8ac092b,"",1,6,Charizard,リザードン,喷火龙,火,飞行
66796c5c46d92382f8ac092c,"",1,7,Squirtle,ゼニガメ,杰尼龟,水,""
66796c5c46d92382f8ac092d,"",1,8,Wartortle,カメール,卡咪龟,水,""
66796c5c46d92382f8ac092e,"",1,9,Blastoise,カメックス,水箭龟,水,""
66796c5c46d92382f8ac092f,"",1,10,Caterpie,キャタピー,绿毛虫,虫,""
66796c5c46d92382f8ac0930,"",1,11,Metapod,トランセル,铁甲蛹,虫,""
66796c5c46d92382f8ac0931,"",1,12,Butterfree,バタフリー,巴大蝶,虫,飞行
66796c5c46d92382f8ac0932,"",1,13,Weedle,ビードル,独角虫,虫,毒
66796c5c46d92382f8ac0933,"",1,14,Kakuna,コクーン,铁壳蛹,虫,毒
66796c5c46d92382f8ac0934,"",1,15,Beedrill,スピアー,大针蜂,虫,毒
66796c5c46d92382f8ac0935,"",1,16,Pidgey,ポッポ,波波,一般,飞行
66796c5c46d92382f8ac0936,"",1,17,Pidgeotto,ピジョン,比比鸟,一般,飞行
66796c5c46d92382f8ac0937,"",1,18,Pidgeot,ピジョット,大比鸟,一般,飞行
66796c5c46d92382f8ac0938,"",1,19,Rattata,コラッタ,小拉达,一般,""
66796c5c46d92382f8ac0939,阿罗拉的样子,1,19,Rattata,コラッタ,小拉达阿罗拉的样子,恶,一般
66796c5c46d92382f8ac093a,"",1,20,Raticate,ラッタ,拉达,一般,""
66796c5c46d92382f8ac093b,阿罗拉的样子,1,20,Raticate,ラッタ,拉达阿罗拉的样子,恶,一般
66796c5c46d92382f8ac093c,"",1,21,Spearow,オニスズメ,烈雀,一般,飞行
66796c5c46d92382f8ac093d,"",1,22,Fearow,オニドリル,大嘴雀,一般,飞行
66796c5c46d92382f8ac093e,"",1,23,Ekans,アーボ,阿柏蛇,毒,""
66796c5c46d92382f8ac093f,"",1,24,Arbok,アーボック,阿柏怪,毒,""
66796c5c46d92382f8ac0940,"",1,25,Pikachu,ピカチュウ,皮卡丘,电,""
66796c5c46d92382f8ac0941,"",1,26,Raichu,ライチュウ,雷丘,电,""
66796c5c46d92382f8ac0942,阿罗拉的样子,1,26,Raichu,ライチュウ,雷丘阿罗拉的样子,电,超能力
66796c5c46d92382f8ac0943,"",1,27,Sandshrew,サンド,穿山鼠,地面,""
66796c5c46d92382f8ac0944,阿罗拉的样子,1,27,Sandshrew,サンド,穿山鼠阿罗拉的样子,冰,钢
66796c5c46d92382f8ac0945,"",1,28,Sandslash,サンドパン,穿山王,地面,""
66796c5c46d92382f8ac0946,阿罗拉的样子,1,28,Sandslash,サンドパン,穿山王阿罗拉的样子,冰,钢
66796c5c46d92382f8ac0947,"",1,29,Nidoran♀,ニドラン♀,尼多兰,毒,""
66796c5c46d92382f8ac0948,"",1,30,Nidorina,ニドリーナ,尼多娜,毒,""
66796c5c46d92382f8ac0949,"",1,31,Nidoqueen,ニドクイン,尼多后,毒,地面
66796c5c46d92382f8ac094a,"",1,32,Nidoran♂,ニドラン♂,尼多朗,毒,""
66796c5c46d92382f8ac094b,"",1,33,Nidorino,ニドリーノ,尼多力诺,毒,""
66796c5c46d92382f8ac094c,"",1,34,Nidoking,ニドキング,尼多王,毒,地面
66796c5c46d92382f8ac094d,"",1,35,Clefairy,ピッピ,皮皮*,妖精,""
66796c5c46d92382f8ac094e,"",1,36,Clefable,ピクシー,皮可西*,妖精,""
66796c5c46d92382f8ac094f,"",1,37,Vulpix,ロコン,六尾,火,""
66796c5c46d92382f8ac0950,阿罗拉的样子,1,37,Vulpix,ロコン,六尾阿罗拉的样子,冰,""
66796c5c46d92382f8ac0951,"",1,38,Ninetales,キュウコン,九尾,火,""
66796c5c46d92382f8ac0952,阿罗拉的样子,1,38,Ninetales,キュウコン,九尾阿罗拉的样子,冰,妖精
66796c5c46d92382f8ac0953,"",1,39,Jigglypuff,プリン,胖丁*,一般,妖精
66796c5c46d92382f8ac0954,"",1,40,Wigglytuff,プクリン,胖可丁*,一般,妖精
66796c5c46d92382f8ac0955,"",1,41,Zubat,ズバット,超音蝠,毒,飞行
66796c5c46d92382f8ac0956,"",1,42,Golbat,ゴルバット,大嘴蝠,毒,飞行
66796c5c46d92382f8ac0957,"",1,43,Oddish,ナゾノクサ,走路草,草,毒
66796c5c46d92382f8ac0958,"",1,44,Gloom,クサイハナ,臭臭花,草,毒
66796c5c46d92382f8ac0959,"",1,45,Vileplume,ラフレシア,霸王花,草,毒
66796c5c46d92382f8ac095a,"",1,46,Paras,パラス,派拉斯,虫,草
66796c5c46d92382f8ac095b,"",1,47,Parasect,パラセクト,派拉斯特,虫,草
66796c5c46d92382f8ac095c,"",1,48,Venonat,コンパン,毛球,虫,毒
66796c5c46d92382f8ac095d,"",1,49,Venomoth,モルフォン,摩鲁蛾,虫,毒
66796c5c46d92382f8ac095e,"",1,50,Diglett,ディグダ,地鼠,地面,""
66796c5c46d92382f8ac095f,阿罗拉的样子,1,50,Diglett,ディグダ,地鼠阿罗拉的样子,地面,钢
66796c5c46d92382f8ac0960,"",1,51,Dugtrio,ダグトリオ,三地鼠,地面,""
66796c5c46d92382f8ac0961,阿罗拉的样子,1,51,Dugtrio,ダグトリオ,三地鼠阿罗拉的样子,地面,钢
66796c5c46d92382f8ac0962,"",1,52,Meowth,ニャース,喵喵,一般,""
66796c5c46d92382f8ac0963,阿罗拉的样子,1,52,Meowth,ニャース,喵喵阿罗拉的样子,恶,""
66796c5c46d92382f8ac0964,伽勒尔的样子,1,52,Meowth,ニャース,喵喵伽勒尔的样子,钢,""
66796c5c46d92382f8ac0965,"",1,53,Persian,ペルシアン,猫老大,一般,""
66796c5c46d92382f8ac0966,阿罗拉的样子,1,53,Persian,ペルシアン,猫老大阿罗拉的样子,恶,""
66796c5c46d92382f8ac0967,"",1,54,Psyduck,コダック,可达鸭,水,""
66796c5c46d92382f8ac0968,"",1,55,Golduck,ゴルダック,哥达鸭,水,""
66796c5c46d92382f8ac0969,"",1,56,Mankey,マンキー,猴怪,格斗,""
66796c5c46d92382f8ac096a,"",1,57,Primeape,オコリザル,火爆猴,格斗,""
66796c5c46d92382f8ac096b,"",1,58,Growlithe,ガーディ,卡蒂狗,火,""
66796c5c46d92382f8ac096c,洗翠的样子,1,58,Growlithe,ガーディ,卡蒂狗洗翠的样子,火,岩石
66796c5c46d92382f8ac096d,"",1,59,Arcanine,ウインディ,风速狗,火,""
66796c5c46d92382f8ac096e,洗翠的样子,1,59,Arcanine,ウインディ,风速狗洗翠的样子,火,岩石
66796c5c46d92382f8ac096f,"",1,60,Poliwag,ニョロモ,蚊香蝌蚪,水,""
66796c5c46d92382f8ac0970,"",1,61,Poliwhirl,ニョロゾ,蚊香君,水,""
66796c5c46d92382f8ac0971,"",1,62,Poliwrath,ニョロボン,蚊香泳士,水,格斗
66796c5c46d92382f8ac0972,"",1,63,Abra,ケーシィ,凯西,超能力,""
66796c5c46d92382f8ac0973,"",1,64,Kadabra,ユンゲラー,勇基拉,超能力,""
66796c5c46d92382f8ac0974,"",1,65,Alakazam,フーディン,胡地,超能力,""
66796c5c46d92382f8ac0975,"",1,66,Machop,ワンリキー,腕力,格斗,""
66796c5c46d92382f8ac0976,"",1,67,Machoke,ゴーリキー,豪力,格斗,""
66796c5c46d92382f8ac0977,"",1,68,Machamp,カイリキー,怪力,格斗,""
66796c5c46d92382f8ac0978,"",1,69,Bellsprout,マダツボミ,喇叭芽,草,毒
66796c5c46d92382f8ac0979,"",1,70,Weepinbell,ウツドン,口呆花,草,毒
66796c5c46d92382f8ac097a,"",1,71,Victreebel,ウツボット,大食花,草,毒
66796c5c46d92382f8ac097b,"",1,72,Tentacool,メノクラゲ,玛瑙水母,水,毒
66796c5c46d92382f8ac097c,"",1,73,Tentacruel,ドククラゲ,毒刺水母,水,毒
66796c5c46d92382f8ac097d,"",1,74,Geodude,イシツブテ,小拳石,岩石,地面
66796c5c46d92382f8ac097e,阿罗拉的样子,1,74,Geodude,イシツブテ,小拳石阿罗拉的样子,岩石,电
66796c5c46d92382f8ac097f,"",1,75,Graveler,ゴローン,隆隆石,岩石,地面
66796c5c46d92382f8ac0980,阿罗拉的样子,1,75,Graveler,ゴローン,隆隆石阿罗拉的样子,岩石,电
66796c5c46d92382f8ac0981,"",1,76,Golem,ゴローニャ,隆隆岩,岩石,地面
66796c5c46d92382f8ac0982,阿罗拉的样子,1,76,Golem,ゴローニャ,隆隆岩阿罗拉的样子,岩石,电
66796c5c46d92382f8ac0983,"",1,77,Ponyta,ポニータ,小火马,火,""
66796c5c46d92382f8ac0984,伽勒尔的样子,1,77,Ponyta,ポニータ,小火马伽勒尔的样子,超能力,""
66796c5c46d92382f8ac0985,"",1,78,Rapidash,ギャロップ,烈焰马,火,""
66796c5c46d92382f8ac0986,伽勒尔的样子,1,78,Rapidash,ギャロップ,烈焰马伽勒尔的样子,超能力,妖精
66796c5c46d92382f8ac0987,"",1,79,Slowpoke,ヤドン,呆呆兽,水,超能力
66796c5c46d92382f8ac0988,伽勒尔的样子,1,79,Slowpoke,ヤドン,呆呆兽伽勒尔的样子,超能力,""
66796c5c46d92382f8ac0989,"",1,80,Slowbro,ヤドラン,呆壳兽,水,超能力
66796c5c46d92382f8ac098a,伽勒尔的样子,1,80,Slowbro,ヤドラン,呆壳兽伽勒尔的样子,毒,超能力
66796c5c46d92382f8ac098b,"",1,81,Magnemite,コイル,小磁怪*,电,钢
66796c5c46d92382f8ac098c,"",1,82,Magneton,レアコイル,三合一磁怪*,电,钢
66796c5c46d92382f8ac098d,"",1,83,Farfetch'd,カモネギ,大葱鸭,一般,飞行
66796c5c46d92382f8ac098e,伽勒尔的样子,1,83,Farfetch'd,カモネギ,大葱鸭伽勒尔的样子,格斗,""
66796c5c46d92382f8ac098f,"",1,84,Doduo,ドードー,嘟嘟,一般,飞行
66796c5c46d92382f8ac0990,"",1,85,Dodrio,ドードリオ,嘟嘟利,一般,飞行
66796c5c46d92382f8ac0991,"",1,86,Seel,パウワウ,小海狮,水,""
66796c5c46d92382f8ac0992,"",1,87,Dewgong,ジュゴン,白海狮,水,冰
66796c5c46d92382f8ac0993,"",1,88,Grimer,ベトベター,臭泥,毒,""
66796c5c46d92382f8ac0994,阿罗拉的样子,1,88,Grimer,ベトベター,臭泥阿罗拉的样子,毒,恶
66796c5c46d92382f8ac0995,"",1,89,Muk,ベトベトン,臭臭泥,毒,""
66796c5c46d92382f8ac0996,阿罗拉的样子,1,89,Muk,ベトベトン,臭臭泥阿罗拉的样子,毒,恶
66796c5c46d92382f8ac0997,"",1,90,Shellder,シェルダー,大舌贝,水,""
66796c5c46d92382f8ac0998,"",1,91,Cloyster,パルシェン,刺甲贝,水,冰
66796c5c46d92382f8ac0999,"",1,92,Gastly,ゴース,鬼斯,幽灵,毒
66796c5c46d92382f8ac099a,"",1,93,Haunter,ゴースト,鬼斯通,幽灵,毒
66796c5c46d92382f8ac099b,"",1,94,Gengar,ゲンガー,耿鬼,幽灵,毒
66796c5c46d92382f8ac099c,"",1,95,Onix,イワーク,大岩蛇,岩石,地面
66796c5c46d92382f8ac099d,"",1,96,Drowzee,スリープ,催眠貘,超能力,""
66796c5c46d92382f8ac099e,"",1,97,Hypno,スリーパー,引梦貘人,超能力,""
66796c5c46d92382f8ac099f,"",1,98,Krabby,クラブ,大钳蟹,水,""
66796c5c46d92382f8ac09a0,"",1,99,Kingler,キングラー,巨钳蟹,水,""
66796c5c46d92382f8ac09a1,"",1,100,Voltorb,ビリリダマ,霹雳电球,电,""
66796c5c46d92382f8ac09a2,洗翠的样子,1,100,Voltorb,ビリリダマ,霹雳电球洗翠的样子,电,草
66796c5c46d92382f8ac09a3,"",1,101,Electrode,マルマイン,顽皮雷弹,电,""
66796c5c46d92382f8ac09a4,洗翠的样子,1,101,Electrode,マルマイン,顽皮雷弹洗翠的样子,电,草
66796c5c46d92382f8ac09a5,"",1,102,Exeggcute,タマタマ,蛋蛋,草,超能力
66796c5c46d92382f8ac09a6,"",1,103,Exeggutor,ナッシー,椰蛋树,草,超能力
66796c5c46d92382f8ac09a7,阿罗拉的样子,1,103,Exeggutor,ナッシー,椰蛋树阿罗拉的样子,草,龙
66796c5c46d92382f8ac09a8,"",1,104,Cubone,カラカラ,卡拉卡拉,地面,""
66796c5c46d92382f8ac09a9,"",1,105,Marowak,ガラガラ,嘎啦嘎啦,地面,""
66796c5c46d92382f8ac09aa,阿罗拉的样子,1,105,Marowak,ガラガラ,嘎啦嘎啦阿罗拉的样子,火,幽灵
66796c5c46d92382f8ac09ab,"",1,106,Hitmonlee,サワムラー,飞腿郎,格斗,""
66796c5c46d92382f8ac09ac,"",1,107,Hitmonchan,エビワラー,快拳郎,格斗,""
66796c5c46d92382f8ac09ad,"",1,108,Lickitung,ベロリンガ,大舌头,一般,""
66796c5c46d92382f8ac09ae,"",1,109,Koffing,ドガース,瓦斯弹,毒,""
66796c5c46d92382f8ac09af,"",1,110,Weezing,マタドガス,双弹瓦斯,毒,""
66796c5c46d92382f8ac09b0,伽勒尔的样子,1,110,Weezing,マタドガス,双弹瓦斯伽勒尔的样子,毒,妖精
66796c5c46d92382f8ac09b1,"",1,111,Rhyhorn,サイホーン,独角犀牛,地面,岩石
66796c5c46d92382f8ac09b2,"",1,112,Rhydon,サイドン,钻角犀兽,地面,岩石
66796c5c46d92382f8ac09b3,"",1,113,Chansey,ラッキー,吉利蛋,一般,""
66796c5c46d92382f8ac09b4,"",1,114,Tangela,モンジャラ,蔓藤怪,草,""
66796c5c46d92382f8ac09b5,"",1,115,Kangaskhan,ガルーラ,袋兽,一般,""
66796c5c46d92382f8ac09b6,"",1,116,Horsea,タッツー,墨海马,水,""
66796c5c46d92382f8ac09b7,"",1,117,Seadra,シードラ,海刺龙,水,""
66796c5c46d92382f8ac09b8,"",1,118,Goldeen,トサキント,角金鱼,水,""
66796c5c46d92382f8ac09b9,"",1,119,Seaking,アズマオウ,金鱼王,水,""
66796c5c46d92382f8ac09ba,"",1,120,Staryu,ヒトデマン,海星星,水,""
66796c5c46d92382f8ac09bb,"",1,121,Starmie,スターミー,宝石海星,水,超能力
66796c5c46d92382f8ac09bc,"",1,122,Mr. Mime,バリヤード,魔墙人偶*,超能力,妖精
66796c5c46d92382f8ac09bd,伽勒尔的样子,1,122,Mr. Mime,バリヤード,魔墙人偶伽勒尔的样子,冰,超能力
66796c5c46d92382f8ac09be,"",1,123,Scyther,ストライク,飞天螳螂,虫,飞行
66796c5c46d92382f8ac09bf,"",1,124,Jynx,ルージュラ,迷唇姐,冰,超能力
66796c5c46d92382f8ac09c0,"",1,125,Electabuzz,エレブー,电击兽,电,""
66796c5c46d92382f8ac09c1,"",1,126,Magmar,ブーバー,鸭嘴火兽,火,""
66796c5c46d92382f8ac09c2,"",1,127,Pinsir,カイロス,凯罗斯,虫,""
66796c5c46d92382f8ac09c3,"",1,128,Tauros,ケンタロス,肯泰罗,一般,""
66796c5c46d92382f8ac09c4,帕底亚的样子（斗战种）,1,128,Tauros,ケンタロス,肯泰罗帕底亚的样子（斗战种）,格斗,""
66796c5c46d92382f8ac09c5,帕底亚的样子（火炽种）,1,128,Tauros,ケンタロス,肯泰罗帕底亚的样子（火炽种）,格斗,火
66796c5c46d92382f8ac09c6,帕底亚的样子（水澜种）,1,128,Tauros,ケンタロス,肯泰罗帕底亚的样子（水澜种）,格斗,水
66796c5c46d92382f8ac09c7,"",1,129,Magikarp,コイキング,鲤鱼王,水,""
66796c5c46d92382f8ac09c8,"",1,130,Gyarados,ギャラドス,暴鲤龙,水,飞行
66796c5c46d92382f8ac09c9,"",1,131,Lapras,ラプラス,拉普拉斯,水,冰
66796c5c46d92382f8ac09ca,"",1,132,Ditto,メタモン,百变怪,一般,""
66796c5c46d92382f8ac09cb,"",1,133,Eevee,イーブイ,伊布,一般,""
66796c5c46d92382f8ac09cc,"",1,134,Vaporeon,シャワーズ,水伊布,水,""
66796c5c46d92382f8ac09cd,"",1,135,Jolteon,サンダース,雷伊布,电,""
66796c5c46d92382f8ac09ce,"",1,136,Flareon,ブースター,火伊布,火,""
66796c5c46d92382f8ac09cf,"",1,137,Porygon,ポリゴン,多边兽,一般,""
66796c5c46d92382f8ac09d0,"",1,138,Omanyte,オムナイト,菊石兽,岩石,水
66796c5c46d92382f8ac09d1,"",1,139,Omastar,オムスター,多刺菊石兽,岩石,水
66796c5c46d92382f8ac09d2,"",1,140,Kabuto,カブト,化石盔,岩石,水
66796c5c46d92382f8ac09d3,"",1,141,Kabutops,カブトプス,镰刀盔,岩石,水
66796c5c46d92382f8ac09d4,"",1,142,Aerodactyl,プテラ,化石翼龙,岩石,飞行
66796c5c46d92382f8ac09d5,"",1,143,Snorlax,カビゴン,卡比兽,一般,""
66796c5c46d92382f8ac09d6,"",1,144,Articuno,フリーザー,急冻鸟,冰,飞行
66796c5c46d92382f8ac09d7,伽勒尔的样子,1,144,Articuno,フリーザー,急冻鸟伽勒尔的样子,超能力,飞行
66796c5c46d92382f8ac09d8,"",1,145,Zapdos,サンダー,闪电鸟,电,飞行
66796c5c46d92382f8ac09d9,伽勒尔的样子,1,145,Zapdos,サンダー,闪电鸟伽勒尔的样子,格斗,飞行
66796c5c46d92382f8ac09da,"",1,146,Moltres,ファイヤー,火焰鸟,火,飞行
66796c5c46d92382f8ac09db,伽勒尔的样子,1,146,Moltres,ファイヤー,火焰鸟伽勒尔的样子,恶,飞行
66796c5c46d92382f8ac09dc,"",1,147,Dratini,ミニリュウ,迷你龙,龙,""
66796c5c46d92382f8ac09dd,"",1,148,Dragonair,ハクリュー,哈克龙,龙,""
66796c5c46d92382f8ac09de,"",1,149,Dragonite,カイリュー,快龙,龙,飞行
66796c5c46d92382f8ac09df,"",1,150,Mewtwo,ミュウツー,超梦,超能力,""
66796c5c46d92382f8ac09e0,"",1,151,Mew,ミュウ,梦幻,超能力,""
66796c5c46d92382f8ac09e1,"",2,152,Chikorita,チコリータ,菊草叶,草,""
66796c5c46d92382f8ac09e2,"",2,153,Bayleef,ベイリーフ,月桂叶,草,""
66796c5c46d92382f8ac09e3,"",2,154,Meganium,メガニウム,大竺葵,草,""
66796c5c46d92382f8ac09e4,"",2,155,Cyndaquil,ヒノアラシ,火球鼠,火,""
66796c5c46d92382f8ac09e5,"",2,156,Quilava,マグマラシ,火岩鼠,火,""
66796c5c46d92382f8ac09e6,"",2,157,Typhlosion,バクフーン,火暴兽,火,""
66796c5c46d92382f8ac09e7,洗翠的样子,2,157,Typhlosion,バクフーン,火暴兽洗翠的样子,火,幽灵
66796c5c46d92382f8ac09e8,"",2,158,Totodile,ワニノコ,小锯鳄,水,""
66796c5c46d92382f8ac09e9,"",2,159,Croconaw,アリゲイツ,蓝鳄,水,""
66796c5c46d92382f8ac09ea,"",2,160,Feraligatr,オーダイル,大力鳄,水,""
66796c5c46d92382f8ac09eb,"",2,161,Sentret,オタチ,尾立,一般,""
66796c5c46d92382f8ac09ec,"",2,162,Furret,オオタチ,大尾立,一般,""
66796c5c46d92382f8ac09ed,"",2,163,Hoothoot,ホーホー,咕咕,一般,飞行
66796c5c46d92382f8ac09ee,"",2,164,Noctowl,ヨルノズク,猫头夜鹰,一般,飞行
66796c5c46d92382f8ac09ef,"",2,165,Ledyba,レディバ,芭瓢虫,虫,飞行
66796c5c46d92382f8ac09f0,"",2,166,Ledian,レディアン,安瓢虫,虫,飞行
66796c5c46d92382f8ac09f1,"",2,167,Spinarak,イトマル,圆丝蛛,虫,毒
66796c5c46d92382f8ac09f2,"",2,168,Ariados,アリアドス,阿利多斯,虫,毒
66796c5c46d92382f8ac09f3,"",2,169,Crobat,クロバット,叉字蝠,毒,飞行
66796c5c46d92382f8ac09f4,"",2,170,Chinchou,チョンチー,灯笼鱼,水,电
66796c5c46d92382f8ac09f5,"",2,171,Lanturn,ランターン,电灯怪,水,电
66796c5c46d92382f8ac09f6,"",2,172,Pichu,ピチュー,皮丘,电,""
66796c5c46d92382f8ac09f7,"",2,173,Cleffa,ピィ,皮宝宝*,妖精,""
66796c5c46d92382f8ac09f8,"",2,174,Igglybuff,ププリン,宝宝丁*,一般,妖精
66796c5c46d92382f8ac09f9,"",2,175,Togepi,トゲピー,波克比*,妖精,""
66796c5c46d92382f8ac09fa,"",2,176,Togetic,トゲチック,波克基古*,妖精,飞行
66796c5c46d92382f8ac09fb,"",2,177,Natu,ネイティ,天然雀,超能力,飞行
66796c5c46d92382f8ac09fc,"",2,178,Xatu,ネイティオ,天然鸟,超能力,飞行
66796c5c46d92382f8ac09fd,"",2,179,Mareep,メリープ,咩利羊,电,""
66796c5c46d92382f8ac09fe,"",2,180,Flaaffy,モココ,茸茸羊,电,""
66796c5c46d92382f8ac09ff,"",2,181,Ampharos,デンリュウ,电龙,电,""
66796c5c46d92382f8ac0a00,"",2,182,Bellossom,キレイハナ,美丽花,草,""
66796c5c46d92382f8ac0a01,"",2,183,Marill,マリル,玛力露*,水,妖精
66796c5c46d92382f8ac0a02,"",2,184,Azumarill,マリルリ,玛力露丽*,水,妖精
66796c5c46d92382f8ac0a03,"",2,185,Sudowoodo,ウソッキー,树才怪,岩石,""
66796c5c46d92382f8ac0a04,"",2,186,Politoed,ニョロトノ,蚊香蛙皇,水,""
66796c5c46d92382f8ac0a05,"",2,187,Hoppip,ハネッコ,毽子草,草,飞行
66796c5c46d92382f8ac0a06,"",2,188,Skiploom,ポポッコ,毽子花,草,飞行
66796c5c46d92382f8ac0a07,"",2,189,Jumpluff,ワタッコ,毽子棉,草,飞行
66796c5c46d92382f8ac0a08,"",2,190,Aipom,エイパム,长尾怪手,一般,""
66796c5c46d92382f8ac0a09,"",2,191,Sunkern,ヒマナッツ,向日种子,草,""
66796c5c46d92382f8ac0a0a,"",2,192,Sunflora,キマワリ,向日花怪,草,""
66796c5c46d92382f8ac0a0b,"",2,193,Yanma,ヤンヤンマ,蜻蜻蜓,虫,飞行
66796c5c46d92382f8ac0a0c,"",2,194,Wooper,ウパー,乌波,水,地面
66796c5c46d92382f8ac0a0d,帕底亚的样子,2,194,Wooper,ウパー,乌波帕底亚的样子,毒,地面
66796c5c46d92382f8ac0a0e,"",2,195,Quagsire,ヌオー,沼王,水,地面
66796c5c46d92382f8ac0a0f,"",2,196,Espeon,エーフィ,太阳伊布,超能力,""
66796c5c46d92382f8ac0a10,"",2,197,Umbreon,ブラッキー,月亮伊布,惡,""
66796c5c46d92382f8ac0a11,"",2,198,Murkrow,ヤミカラス,黑暗鸦,惡,飞行
66796c5c46d92382f8ac0a12,"",2,199,Slowking,ヤドキング,呆呆王,水,超能力
66796c5c46d92382f8ac0a13,伽勒尔的样子,2,199,Slowking,ヤドキング,呆呆王伽勒尔的样子,毒,超能力
66796c5c46d92382f8ac0a14,"",2,200,Misdreavus,ムウマ,梦妖,幽灵,""
66796c5c46d92382f8ac0a15,"",2,201,Unown,アンノーン,未知图腾,超能力,""
66796c5c46d92382f8ac0a16,"",2,202,Wobbuffet,ソーナンス,果然翁,超能力,""
66796c5c46d92382f8ac0a17,"",2,203,Girafarig,キリンリキ,麒麟奇,一般,超能力
66796c5c46d92382f8ac0a18,"",2,204,Pineco,クヌギダマ,榛果球,虫,""
66796c5c46d92382f8ac0a19,"",2,205,Forretress,フォレトス,佛烈托斯,虫,钢
66796c5c46d92382f8ac0a1a,"",2,206,Dunsparce,ノコッチ,土龙弟弟,一般,""
66796c5c46d92382f8ac0a1b,"",2,207,Gligar,グライガー,天蝎,地面,飞行
66796c5c46d92382f8ac0a1c,"",2,208,Steelix,ハガネール,大钢蛇,钢,地面
66796c5c46d92382f8ac0a1d,"",2,209,Snubbull,ブルー,布鲁*,妖精,""
66796c5c46d92382f8ac0a1e,"",2,210,Granbull,グランブル,布鲁皇*,妖精,""
66796c5c46d92382f8ac0a1f,"",2,211,Qwilfish,ハリーセン,千针鱼,水,毒
66796c5c46d92382f8ac0a20,洗翠的样子,2,211,Qwilfish,ハリーセン,千针鱼洗翠的样子,恶,毒
66796c5c46d92382f8ac0a21,"",2,212,Scizor,ハッサム,巨钳螳螂,虫,钢
66796c5c46d92382f8ac0a22,"",2,213,Shuckle,ツボツボ,壶壶,虫,岩石
66796c5c46d92382f8ac0a23,"",2,214,Heracross,ヘラクロス,赫拉克罗斯,虫,格斗
66796c5c46d92382f8ac0a24,"",2,215,Sneasel,ニューラ,狃拉,惡,冰
66796c5c46d92382f8ac0a25,洗翠的样子,2,215,Sneasel,ニューラ,狃拉洗翠的样子,格斗,毒
66796c5c46d92382f8ac0a26,"",2,216,Teddiursa,ヒメグマ,熊宝宝,一般,""
66796c5c46d92382f8ac0a27,"",2,217,Ursaring,リングマ,圈圈熊,一般,""
66796c5c46d92382f8ac0a28,"",2,218,Slugma,マグマッグ,熔岩虫,火,""
66796c5c46d92382f8ac0a29,"",2,219,Magcargo,マグカルゴ,熔岩蜗牛,火,岩石
66796c5c46d92382f8ac0a2a,"",2,220,Swinub,ウリムー,小山猪,冰,地面
66796c5c46d92382f8ac0a2b,"",2,221,Piloswine,イノムー,长毛猪,冰,地面
66796c5c46d92382f8ac0a2c,"",2,222,Corsola,サニーゴ,太阳珊瑚,水,岩石
66796c5c46d92382f8ac0a2d,伽勒尔的样子,2,222,Corsola,サニーゴ,太阳珊瑚伽勒尔的样子,幽灵,""
66796c5c46d92382f8ac0a2e,"",2,223,Remoraid,テッポウオ,铁炮鱼,水,""
66796c5c46d92382f8ac0a2f,"",2,224,Octillery,オクタン,章鱼桶,水,""
66796c5c46d92382f8ac0a30,"",2,225,Delibird,デリバード,信使鸟,冰,飞行
66796c5c46d92382f8ac0a31,"",2,226,Mantine,マンタイン,巨翅飞鱼,水,飞行
66796c5c46d92382f8ac0a32,"",2,227,Skarmory,エアームド,盔甲鸟,钢,飞行
66796c5c46d92382f8ac0a33,"",2,228,Houndour,デルビル,戴鲁比,惡,火
66796c5c46d92382f8ac0a34,"",2,229,Houndoom,ヘルガー,黑鲁加,惡,火
66796c5c46d92382f8ac0a35,"",2,230,Kingdra,キングドラ,刺龙王,水,龙
66796c5c46d92382f8ac0a36,"",2,231,Phanpy,ゴマゾウ,小小象,地面,""
66796c5c46d92382f8ac0a37,"",2,232,Donphan,ドンファン,顿甲,地面,""
66796c5c46d92382f8ac0a38,"",2,233,Porygon2,ポリゴン２,多边兽Ⅱ,一般,""
66796c5c46d92382f8ac0a39,"",2,234,Stantler,オドシシ,惊角鹿,一般,""
66796c5c46d92382f8ac0a3a,"",2,235,Smeargle,ドーブル,图图犬,一般,""
66796c5c46d92382f8ac0a3b,"",2,236,Tyrogue,バルキー,无畏小子,格斗,""
66796c5c46d92382f8ac0a3c,"",2,237,Hitmontop,カポエラー,战舞郎,格斗,""
66796c5c46d92382f8ac0a3d,"",2,238,Smoochum,ムチュール,迷唇娃,冰,超能力
66796c5c46d92382f8ac0a3e,"",2,239,Elekid,エレキッド,电击怪,电,""
66796c5c46d92382f8ac0a3f,"",2,240,Magby,ブビィ,鸭嘴宝宝,火,""
66796c5c46d92382f8ac0a40,"",2,241,Miltank,ミルタンク,大奶罐,一般,""
66796c5c46d92382f8ac0a41,"",2,242,Blissey,ハピナス,幸福蛋,一般,""
66796c5c46d92382f8ac0a42,"",2,243,Raikou,ライコウ,雷公,电,""
66796c5c46d92382f8ac0a43,"",2,244,Entei,エンテイ,炎帝,火,""
66796c5c46d92382f8ac0a44,"",2,245,Suicune,スイクン,水君,水,""
66796c5c46d92382f8ac0a45,"",2,246,Larvitar,ヨーギラス,幼基拉斯,岩石,地面
66796c5c46d92382f8ac0a46,"",2,247,Pupitar,サナギラス,沙基拉斯,岩石,地面
66796c5c46d92382f8ac0a47,"",2,248,Tyranitar,バンギラス,班基拉斯,岩石,惡
66796c5c46d92382f8ac0a48,"",2,249,Lugia,ルギア,洛奇亚,超能力,飞行
66796c5c46d92382f8ac0a49,"",2,250,Ho-Oh,ホウオウ,凤王,火,飞行
66796c5c46d92382f8ac0a4a,"",2,251,Celebi,セレビィ,时拉比,超能力,草
66796c5c46d92382f8ac0a4b,"",3,252,Treecko,キモリ,木守宫,草,""
66796c5c46d92382f8ac0a4c,"",3,253,Grovyle,ジュプトル,森林蜥蜴,草,""
66796c5c46d92382f8ac0a4d,"",3,254,Sceptile,ジュカイン,蜥蜴王,草,""
66796c5c46d92382f8ac0a4e,"",3,255,Torchic,アチャモ,火稚鸡,火,""
66796c5c46d92382f8ac0a4f,"",3,256,Combusken,ワカシャモ,力壮鸡,火,格斗
66796c5c46d92382f8ac0a50,"",3,257,Blaziken,バシャーモ,火焰鸡,火,格斗
66796c5c46d92382f8ac0a51,"",3,258,Mudkip,ミズゴロウ,水跃鱼,水,""
66796c5c46d92382f8ac0a52,"",3,259,Marshtomp,ヌマクロー,沼跃鱼,水,地面
66796c5c46d92382f8ac0a53,"",3,260,Swampert,ラグラージ,巨沼怪,水,地面
66796c5c46d92382f8ac0a54,"",3,261,Poochyena,ポチエナ,土狼犬,惡,""
66796c5c46d92382f8ac0a55,"",3,262,Mightyena,グラエナ,大狼犬,惡,""
66796c5c46d92382f8ac0a56,"",3,263,Zigzagoon,ジグザグマ,蛇纹熊,一般,""
66796c5c46d92382f8ac0a57,伽勒尔的样子,3,263,Zigzagoon,ジグザグマ,蛇纹熊伽勒尔的样子,恶,一般
66796c5c46d92382f8ac0a58,"",3,264,Linoone,マッスグマ,直冲熊,一般,""
66796c5c46d92382f8ac0a59,伽勒尔的样子,3,264,Linoone,マッスグマ,直冲熊伽勒尔的样子,恶,一般
66796c5c46d92382f8ac0a5a,"",3,265,Wurmple,ケムッソ,刺尾虫,虫,""
66796c5c46d92382f8ac0a5b,"",3,266,Silcoon,カラサリス,甲壳茧,虫,""
66796c5c46d92382f8ac0a5c,"",3,267,Beautifly,アゲハント,狩猎凤蝶,虫,飞行
66796c5c46d92382f8ac0a5d,"",3,268,Cascoon,マユルド,盾甲茧,虫,""
66796c5c46d92382f8ac0a5e,"",3,269,Dustox,ドクケイル,毒粉蛾,虫,毒
66796c5c46d92382f8ac0a5f,"",3,270,Lotad,ハスボー,莲叶童子,水,草
66796c5c46d92382f8ac0a60,"",3,271,Lombre,ハスブレロ,莲帽小童,水,草
66796c5c46d92382f8ac0a61,"",3,272,Ludicolo,ルンパッパ,乐天河童,水,草
66796c5c46d92382f8ac0a62,"",3,273,Seedot,タネボー,橡实果,草,""
66796c5c46d92382f8ac0a63,"",3,274,Nuzleaf,コノハナ,长鼻叶,草,惡
66796c5c46d92382f8ac0a64,"",3,275,Shiftry,ダーテング,狡猾天狗,草,惡
66796c5c46d92382f8ac0a65,"",3,276,Taillow,スバメ,傲骨燕,一般,飞行
66796c5c46d92382f8ac0a66,"",3,277,Swellow,オオスバメ,大王燕,一般,飞行
66796c5c46d92382f8ac0a67,"",3,278,Wingull,キャモメ,长翅鸥,水,飞行
66796c5c46d92382f8ac0a68,"",3,279,Pelipper,ペリッパー,大嘴鸥,水,飞行
66796c5c46d92382f8ac0a69,"",3,280,Ralts,ラルトス,拉鲁拉丝*,超能力,妖精
66796c5c46d92382f8ac0a6a,"",3,281,Kirlia,キルリア,奇鲁莉安*,超能力,妖精
66796c5c46d92382f8ac0a6b,"",3,282,Gardevoir,サーナイト,沙奈朵*,超能力,妖精
66796c5c46d92382f8ac0a6c,"",3,283,Surskit,アメタマ,溜溜糖球,虫,水
66796c5c46d92382f8ac0a6d,"",3,284,Masquerain,アメモース,雨翅蛾,虫,飞行
66796c5c46d92382f8ac0a6e,"",3,285,Shroomish,キノココ,蘑蘑菇,草,""
66796c5c46d92382f8ac0a6f,"",3,286,Breloom,キノガッサ,斗笠菇,草,格斗
66796c5c46d92382f8ac0a70,"",3,287,Slakoth,ナマケロ,懒人獭,一般,""
66796c5c46d92382f8ac0a71,"",3,288,Vigoroth,ヤルキモノ,过动猿,一般,""
66796c5c46d92382f8ac0a72,"",3,289,Slaking,ケッキング,请假王,一般,""
66796c5c46d92382f8ac0a73,"",3,290,Nincada,ツチニン,土居忍士,虫,地面
66796c5c46d92382f8ac0a74,"",3,291,Ninjask,テッカニン,铁面忍者,虫,飞行
66796c5c46d92382f8ac0a75,"",3,292,Shedinja,ヌケニン,脱壳忍者,虫,幽灵
66796c5c46d92382f8ac0a76,"",3,293,Whismur,ゴニョニョ,咕妞妞,一般,""
66796c5c46d92382f8ac0a77,"",3,294,Loudred,ドゴーム,吼爆弹,一般,""
66796c5c46d92382f8ac0a78,"",3,295,Exploud,バクオング,爆音怪,一般,""
66796c5c46d92382f8ac0a79,"",3,296,Makuhita,マクノシタ,幕下力士,格斗,""
66796c5c46d92382f8ac0a7a,"",3,297,Hariyama,ハリテヤマ,铁掌力士,格斗,""
66796c5c46d92382f8ac0a7b,"",3,298,Azurill,ルリリ,露力丽*,一般,妖精
66796c5c46d92382f8ac0a7c,"",3,299,Nosepass,ノズパス,朝北鼻,岩石,""
66796c5c46d92382f8ac0a7d,"",3,300,Skitty,エネコ,向尾喵,一般,""
66796c5c46d92382f8ac0a7e,"",3,301,Delcatty,エネコロロ,优雅猫,一般,""
66796c5c46d92382f8ac0a7f,"",3,302,Sableye,ヤミラミ,勾魂眼,惡,幽灵
66796c5c46d92382f8ac0a80,"",3,303,Mawile,クチート,大嘴娃*,钢,妖精
66796c5c46d92382f8ac0a81,"",3,304,Aron,ココドラ,可可多拉,钢,岩石
66796c5c46d92382f8ac0a82,"",3,305,Lairon,コドラ,可多拉,钢,岩石
66796c5c46d92382f8ac0a83,"",3,306,Aggron,ボスゴドラ,波士可多拉,钢,岩石
66796c5c46d92382f8ac0a84,"",3,307,Meditite,アサナン,玛沙那,格斗,超能力
66796c5c46d92382f8ac0a85,"",3,308,Medicham,チャーレム,恰雷姆,格斗,超能力
66796c5c46d92382f8ac0a86,"",3,309,Electrike,ラクライ,落雷兽,电,""
66796c5c46d92382f8ac0a87,"",3,310,Manectric,ライボルト,雷电兽,电,""
66796c5c46d92382f8ac0a88,"",3,311,Plusle,プラスル,正电拍拍,电,""
66796c5c46d92382f8ac0a89,"",3,312,Minun,マイナン,负电拍拍,电,""
66796c5c46d92382f8ac0a8a,"",3,313,Volbeat,バルビート,电萤虫,虫,""
66796c5c46d92382f8ac0a8b,"",3,314,Illumise,イルミーゼ,甜甜萤,虫,""
66796c5c46d92382f8ac0a8c,"",3,315,Roselia,ロゼリア,毒蔷薇,草,毒
66796c5c46d92382f8ac0a8d,"",3,316,Gulpin,ゴクリン,溶食兽,毒,""
66796c5c46d92382f8ac0a8e,"",3,317,Swalot,マルノーム,吞食兽,毒,""
66796c5c46d92382f8ac0a8f,"",3,318,Carvanha,キバニア,利牙鱼,水,惡
66796c5c46d92382f8ac0a90,"",3,319,Sharpedo,サメハダー,巨牙鲨,水,惡
66796c5c46d92382f8ac0a91,"",3,320,Wailmer,ホエルコ,吼吼鲸,水,""
66796c5c46d92382f8ac0a92,"",3,321,Wailord,ホエルオー,吼鲸王,水,""
66796c5c46d92382f8ac0a93,"",3,322,Numel,ドンメル,呆火驼,火,地面
66796c5c46d92382f8ac0a94,"",3,323,Camerupt,バクーダ,喷火驼,火,地面
66796c5c46d92382f8ac0a95,"",3,324,Torkoal,コータス,煤炭龟,火,""
66796c5c46d92382f8ac0a96,"",3,325,Spoink,バネブー,跳跳猪,超能力,""
66796c5c46d92382f8ac0a97,"",3,326,Grumpig,ブーピッグ,噗噗猪,超能力,""
66796c5c46d92382f8ac0a98,"",3,327,Spinda,パッチール,晃晃斑,一般,""
66796c5c46d92382f8ac0a99,"",3,328,Trapinch,ナックラー,大颚蚁,地面,""
66796c5c46d92382f8ac0a9a,"",3,329,Vibrava,ビブラーバ,超音波幼虫,地面,龙
66796c5c46d92382f8ac0a9b,"",3,330,Flygon,フライゴン,沙漠蜻蜓,地面,龙
66796c5c46d92382f8ac0a9c,"",3,331,Cacnea,サボネア,刺球仙人掌,草,""
66796c5c46d92382f8ac0a9d,"",3,332,Cacturne,ノクタス,梦歌仙人掌,草,惡
66796c5c46d92382f8ac0a9e,"",3,333,Swablu,チルット,青绵鸟,一般,飞行
66796c5c46d92382f8ac0a9f,"",3,334,Altaria,チルタリス,七夕青鸟,龙,飞行
66796c5c46d92382f8ac0aa0,"",3,335,Zangoose,ザングース,猫鼬斩,一般,""
66796c5c46d92382f8ac0aa1,"",3,336,Seviper,ハブネーク,饭匙蛇,毒,""
66796c5c46d92382f8ac0aa2,"",3,337,Lunatone,ルナトーン,月石,岩石,超能力
66796c5c46d92382f8ac0aa3,"",3,338,Solrock,ソルロック,太阳岩,岩石,超能力
66796c5c46d92382f8ac0aa4,"",3,339,Barboach,ドジョッチ,泥泥鳅,水,地面
66796c5c46d92382f8ac0aa5,"",3,340,Whiscash,ナマズン,鲶鱼王,水,地面
66796c5c46d92382f8ac0aa6,"",3,341,Corphish,ヘイガニ,龙虾小兵,水,""
66796c5c46d92382f8ac0aa7,"",3,342,Crawdaunt,シザリガー,铁螯龙虾,水,惡
66796c5c46d92382f8ac0aa8,"",3,343,Baltoy,ヤジロン,天秤偶,地面,超能力
66796c5c46d92382f8ac0aa9,"",3,344,Claydol,ネンドール,念力土偶,地面,超能力
66796c5c46d92382f8ac0aaa,"",3,345,Lileep,リリーラ,触手百合,岩石,草
66796c5c46d92382f8ac0aab,"",3,346,Cradily,ユレイドル,摇篮百合,岩石,草
66796c5c46d92382f8ac0aac,"",3,347,Anorith,アノプス,太古羽虫,岩石,虫
66796c5c46d92382f8ac0aad,"",3,348,Armaldo,アーマルド,太古盔甲,岩石,虫
66796c5c46d92382f8ac0aae,"",3,349,Feebas,ヒンバス,丑丑鱼,水,""
66796c5c46d92382f8ac0aaf,"",3,350,Milotic,ミロカロス,美纳斯,水,""
66796c5c46d92382f8ac0ab0,"",3,351,Castform,ポワルン,飘浮泡泡,一般,""
66796c5c46d92382f8ac0ab1,"",3,352,Kecleon,カクレオン,变隐龙,一般,""
66796c5c46d92382f8ac0ab2,"",3,353,Shuppet,カゲボウズ,怨影娃娃,幽灵,""
66796c5c46d92382f8ac0ab3,"",3,354,Banette,ジュペッタ,诅咒娃娃,幽灵,""
66796c5c46d92382f8ac0ab4,"",3,355,Duskull,ヨマワル,夜巡灵,幽灵,""
66796c5c46d92382f8ac0ab5,"",3,356,Dusclops,サマヨール,彷徨夜灵,幽灵,""
66796c5c46d92382f8ac0ab6,"",3,357,Tropius,トロピウス,热带龙,草,飞行
66796c5c46d92382f8ac0ab7,"",3,358,Chimecho,チリーン,风铃铃,超能力,""
66796c5c46d92382f8ac0ab8,"",3,359,Absol,アブソル,阿勃梭鲁,惡,""
66796c5c46d92382f8ac0ab9,"",3,360,Wynaut,ソーナノ,小果然,超能力,""
66796c5c46d92382f8ac0aba,"",3,361,Snorunt,ユキワラシ,雪童子,冰,""
66796c5c46d92382f8ac0abb,"",3,362,Glalie,オニゴーリ,冰鬼护,冰,""
66796c5c46d92382f8ac0abc,"",3,363,Spheal,タマザラシ,海豹球,冰,水
66796c5c46d92382f8ac0abd,"",3,364,Sealeo,トドグラー,海魔狮,冰,水
66796c5c46d92382f8ac0abe,"",3,365,Walrein,トドゼルガ,帝牙海狮,冰,水
66796c5c46d92382f8ac0abf,"",3,366,Clamperl,パールル,珍珠贝,水,""
66796c5c46d92382f8ac0ac0,"",3,367,Huntail,ハンテール,猎斑鱼,水,""
66796c5c46d92382f8ac0ac1,"",3,368,Gorebyss,サクラビス,樱花鱼,水,""
66796c5c46d92382f8ac0ac2,"",3,369,Relicanth,ジーランス,古空棘鱼,水,岩石
66796c5c46d92382f8ac0ac3,"",3,370,Luvdisc,ラブカス,爱心鱼,水,""
66796c5c46d92382f8ac0ac4,"",3,371,Bagon,タツベイ,宝贝龙,龙,""
66796c5c46d92382f8ac0ac5,"",3,372,Shelgon,コモルー,甲壳龙,龙,""
66796c5c46d92382f8ac0ac6,"",3,373,Salamence,ボーマンダ,暴飞龙,龙,飞行
66796c5c46d92382f8ac0ac7,"",3,374,Beldum,ダンバル,铁哑铃,钢,超能力
66796c5c46d92382f8ac0ac8,"",3,375,Metang,メタング,金属怪,钢,超能力
66796c5c46d92382f8ac0ac9,"",3,376,Metagross,メタグロス,巨金怪,钢,超能力
66796c5c46d92382f8ac0aca,"",3,377,Regirock,レジロック,雷吉洛克,岩石,""
66796c5c46d92382f8ac0acb,"",3,378,Regice,レジアイス,雷吉艾斯,冰,""
66796c5c46d92382f8ac0acc,"",3,379,Registeel,レジスチル,雷吉斯奇鲁,钢,""
66796c5c46d92382f8ac0acd,"",3,380,Latias,ラティアス,拉帝亚斯,龙,超能力
66796c5c46d92382f8ac0ace,"",3,381,Latios,ラティオス,拉帝欧斯,龙,超能力
66796c5c46d92382f8ac0acf,"",3,382,Kyogre,カイオーガ,盖欧卡,水,""
66796c5c46d92382f8ac0ad0,"",3,383,Groudon,グラードン,固拉多,地面,""
66796c5c46d92382f8ac0ad1,"",3,384,Rayquaza,レックウザ,烈空坐,龙,飞行
66796c5c46d92382f8ac0ad2,"",3,385,Jirachi,ジラーチ,基拉祈,钢,超能力
66796c5c46d92382f8ac0ad3,"",3,386,Deoxys,デオキシス,代欧奇希斯,超能力,""
66796c5c46d92382f8ac0ad4,"",6,650,Chespin,ハリマロン,哈力栗,草,""
66796c5c46d92382f8ac0ad5,"",6,651,Quilladin,ハリボーグ,胖胖哈力,草,""
66796c5c46d92382f8ac0ad6,"",6,652,Chesnaught,ブリガロン,布里卡隆,草,格鬥
66796c5c46d92382f8ac0ad7,"",6,653,Fennekin,フォッコ,火狐狸,火,""
66796c5c46d92382f8ac0ad8,"",6,654,Braixen,テールナー,长尾火狐,火,""
66796c5c46d92382f8ac0ad9,"",6,655,Delphox,マフォクシー,妖火红狐,火,超能力
66796c5c46d92382f8ac0ada,"",6,656,Froakie,ケロマツ,呱呱泡蛙,水,""
66796c5c46d92382f8ac0adb,"",6,657,Frogadier,ゲコガシラ,呱头蛙,水,""
66796c5c46d92382f8ac0adc,"",6,658,Greninja,ゲッコウガ,甲贺忍蛙,水,惡
66796c5c46d92382f8ac0add,"",6,659,Bunnelby,ホルビー,掘掘兔,一般,""
66796c5c46d92382f8ac0ade,"",6,660,Diggersby,ホルード,掘地兔,一般,地面
66796c5c46d92382f8ac0adf,"",6,661,Fletchling,ヤヤコマ,小箭雀,一般,飛行
66796c5c46d92382f8ac0ae0,"",6,662,Fletchinder,ヒノヤコマ,火箭雀,火,飛行
66796c5c46d92382f8ac0ae1,"",6,663,Talonflame,ファイアロー,烈箭鹰,火,飛行
66796c5c46d92382f8ac0ae2,"",6,664,Scatterbug,コフキムシ,粉蝶虫,蟲,""
66796c5c46d92382f8ac0ae3,"",6,665,Spewpa,コフーライ,粉蝶蛹,蟲,""
66796c5c46d92382f8ac0ae4,"",6,666,Vivillon,ビビヨン,彩粉蝶,蟲,飛行
66796c5c46d92382f8ac0ae5,"",6,667,Litleo,シシコ,小狮狮,火,一般
66796c5c46d92382f8ac0ae6,"",6,668,Pyroar,カエンジシ,火炎狮,火,一般
66796c5c46d92382f8ac0ae7,"",6,669,Flabébé,フラベベ,花蓓蓓,妖精,""
66796c5c46d92382f8ac0ae8,"",6,670,Floette,フラエッテ,花叶蒂,妖精,""
66796c5c46d92382f8ac0ae9,"",6,671,Florges,フラージェス,花洁夫人,妖精,""
66796c5c46d92382f8ac0aea,"",6,672,Skiddo,メェークル,坐骑小羊,草,""
66796c5c46d92382f8ac0aeb,"",6,673,Gogoat,ゴーゴート,坐骑山羊,草,""
66796c5c46d92382f8ac0aec,"",6,674,Pancham,ヤンチャム,顽皮熊猫,格鬥,""
66796c5c46d92382f8ac0aed,"",6,675,Pangoro,ゴロンダ,流氓熊猫,格鬥,惡
66796c5c46d92382f8ac0aee,"",6,676,Furfrou,トリミアン,多丽米亚,一般,""
66796c5c46d92382f8ac0aef,"",6,677,Espurr,ニャスパー,妙喵,超能力,""
66796c5c46d92382f8ac0af0,"",6,678,Meowstic,ニャオニクス,超能妙喵,超能力,""
66796c5c46d92382f8ac0af1,"",6,679,Honedge,ヒトツキ,独剑鞘,鋼,幽靈
66796c5c46d92382f8ac0af2,"",6,680,Doublade,ニダンギル,双剑鞘,鋼,幽靈
66796c5c46d92382f8ac0af3,"",6,681,Aegislash,ギルガルド,坚盾剑怪,鋼,幽靈
66796c5c46d92382f8ac0af4,"",6,682,Spritzee,シュシュプ,粉香香,妖精,""
66796c5c46d92382f8ac0af5,"",6,683,Aromatisse,フレフワン,芳香精,妖精,""
66796c5c46d92382f8ac0af6,"",6,684,Swirlix,ペロッパフ,绵绵泡芙,妖精,""
66796c5c46d92382f8ac0af7,"",6,685,Slurpuff,ペロリーム,胖甜妮,妖精,""
66796c5c46d92382f8ac0af8,"",6,686,Inkay,マーイーカ,好啦鱿,惡,超能力
66796c5c46d92382f8ac0af9,"",6,687,Malamar,カラマネロ,乌贼王,惡,超能力
66796c5c46d92382f8ac0afa,"",6,688,Binacle,カメテテ,龟脚脚,岩石,水
66796c5c46d92382f8ac0afb,"",6,689,Barbaracle,ガメノデス,龟足巨铠,岩石,水
66796c5c46d92382f8ac0afc,"",6,690,Skrelp,クズモー,垃垃藻,毒,水
66796c5c46d92382f8ac0afd,"",6,691,Dragalge,ドラミドロ,毒藻龙,毒,龍
66796c5c46d92382f8ac0afe,"",6,692,Clauncher,ウデッポウ,铁臂枪虾,水,""
66796c5c46d92382f8ac0aff,"",6,693,Clawitzer,ブロスター,钢炮臂虾,水,""
66796c5c46d92382f8ac0b00,"",6,694,Helioptile,エリキテル,伞电蜥,電,一般
66796c5c46d92382f8ac0b01,"",6,695,Heliolisk,エレザード,光电伞蜥,電,一般
66796c5c46d92382f8ac0b02,"",6,696,Tyrunt,チゴラス,宝宝暴龙,岩石,龍
66796c5c46d92382f8ac0b03,"",6,697,Tyrantrum,ガチゴラス,怪颚龙,岩石,龍
66796c5c46d92382f8ac0b04,"",6,698,Amaura,アマルス,冰雪龙,岩石,冰
66796c5c46d92382f8ac0b05,"",6,699,Aurorus,アマルルガ,冰雪巨龙,岩石,冰
66796c5c46d92382f8ac0b06,"",6,700,Sylveon,ニンフィア,仙子伊布,妖精,""
66796c5c46d92382f8ac0b07,"",6,701,Hawlucha,ルチャブル,摔角鹰人,格鬥,飛行
66796c5c46d92382f8ac0b08,"",6,702,Dedenne,デデンネ,咚咚鼠,電,妖精
66796c5c46d92382f8ac0b09,"",6,703,Carbink,メレシー,小碎钻,岩石,妖精
66796c5c46d92382f8ac0b0a,"",6,704,Goomy,ヌメラ,黏黏宝,龍,""
66796c5c46d92382f8ac0b0b,"",6,705,Sliggoo,ヌメイル,黏美儿,龍,""
66796c5c46d92382f8ac0b0c,洗翠的样子,6,705,Sliggoo,ヌメイル,黏美儿洗翠的样子,钢,龍
66796c5c46d92382f8ac0b0d,"",6,706,Goodra,ヌメルゴン,黏美龙,龍,""
66796c5c46d92382f8ac0b0e,洗翠的样子,6,706,Goodra,ヌメルゴン,黏美龙洗翠的样子,钢,龍
66796c5c46d92382f8ac0b0f,"",6,707,Klefki,クレッフィ,钥圈儿,鋼,妖精
66796c5c46d92382f8ac0b10,"",6,708,Phantump,ボクレー,小木灵,幽靈,草
66796c5c46d92382f8ac0b11,"",6,709,Trevenant,オーロット,朽木妖,幽靈,草
66796c5c46d92382f8ac0b12,"",6,710,Pumpkaboo,バケッチャ,南瓜精,幽靈,草
66796c5c46d92382f8ac0b13,"",6,711,Gourgeist,パンプジン,南瓜怪人,幽靈,草
66796c5c46d92382f8ac0b14,"",6,712,Bergmite,カチコール,冰宝,冰,""
66796c5c46d92382f8ac0b15,"",6,713,Avalugg,クレベース,冰岩怪,冰,""
66796c5c46d92382f8ac0b16,洗翠的样子,6,713,Avalugg,クレベース,冰岩怪洗翠的样子,冰,岩石
66796c5c46d92382f8ac0b17,"",6,714,Noibat,オンバット,嗡蝠,飛行,龍
66796c5c46d92382f8ac0b18,"",6,715,Noivern,オンバーン,音波龙,飛行,龍
66796c5c46d92382f8ac0b19,"",6,716,Xerneas,ゼルネアス,哲尔尼亚斯,妖精,""
66796c5c46d92382f8ac0b1a,"",6,717,Yveltal,イベルタル,伊裴尔塔尔,惡,飛行
66796c5c46d92382f8ac0b1b,"",6,718,Zygarde,ジガルデ,基格尔德,龍,地面
66796c5c46d92382f8ac0b1c,"",6,719,Diancie,ディアンシー,蒂安希,岩石,妖精
66796c5c46d92382f8ac0b1d,"",6,720,Hoopa,フーパ,胡帕,超能力,幽靈
66796c5c46d92382f8ac0b1e,"",6,721,Volcanion,ボルケニオン,波尔凯尼恩,火,水
66796c5c46d92382f8ac0b1f,"",8,810,Grookey,サルノリ,敲音猴,草,""
66796c5c46d92382f8ac0b20,"",8,811,Thwackey,バチンキー,啪咚猴,草,""
66796c5c46d92382f8ac0b21,"",8,812,Rillaboom,ゴリランダー,轰擂金刚猩,草,""
66796c5c46d92382f8ac0b22,"",8,813,Scorbunny,ヒバニー,炎兔儿,火,""
66796c5c46d92382f8ac0b23,"",8,814,Raboot,ラビフット,腾蹴小将,火,""
66796c5c46d92382f8ac0b24,"",8,815,Cinderace,エースバーン,闪焰王牌,火,""
66796c5c46d92382f8ac0b25,"",8,816,Sobble,メッソン,泪眼蜥,水,""
66796c5c46d92382f8ac0b26,"",8,817,Drizzile,ジメレオン,变涩蜥,水,""
66796c5c46d92382f8ac0b27,"",8,818,Inteleon,インテレオン,千面避役,水,""
66796c5c46d92382f8ac0b28,"",8,819,Skwovet,ホシガリス,贪心栗鼠,一般,""
66796c5c46d92382f8ac0b29,"",8,820,Greedent,ヨクバリス,藏饱栗鼠,一般,""
66796c5c46d92382f8ac0b2a,"",8,821,Rookidee,ココガラ,稚山雀,飞行,""
66796c5c46d92382f8ac0b2b,"",8,822,Corvisquire,アオガラス,蓝鸦,飞行,""
66796c5c46d92382f8ac0b2c,"",8,823,Corviknight,アーマーガア,钢铠鸦,飞行,钢
66796c5c46d92382f8ac0b2d,"",8,824,Blipbug,サッチムシ,索侦虫,虫,""
66796c5c46d92382f8ac0b2e,"",8,825,Dottler,レドームシ,天罩虫,虫,超能力
66796c5c46d92382f8ac0b2f,"",8,826,Orbeetle,イオルブ,以欧路普,虫,超能力
66796c5c46d92382f8ac0b30,"",8,827,Nickit,クスネ,偷儿狐,恶,""
66796c5c46d92382f8ac0b31,"",8,828,Thievul,フォクスライ,狐大盗,恶,""
66796c5c46d92382f8ac0b32,"",8,829,Gossifleur,ヒメンカ,幼棉棉,草,""
66796c5c46d92382f8ac0b33,"",8,830,Eldegoss,ワタシラガ,白蓬蓬,草,""
66796c5c46d92382f8ac0b34,"",8,831,Wooloo,ウールー,毛辫羊,一般,""
66796c5c46d92382f8ac0b35,"",8,832,Dubwool,バイウールー,毛毛角羊,一般,""
66796c5c46d92382f8ac0b36,"",8,833,Chewtle,カムカメ,咬咬龟,水,""
66796c5c46d92382f8ac0b37,"",8,834,Drednaw,カジリガメ,暴噬龟,水,岩石
66796c5c46d92382f8ac0b38,"",8,835,Yamper,ワンパチ,来电汪,电,""
66796c5c46d92382f8ac0b39,"",8,836,Boltund,パルスワン,逐电犬,电,""
66796c5c46d92382f8ac0b3a,"",8,837,Rolycoly,タンドン,小炭仔,岩石,""
66796c5c46d92382f8ac0b3b,"",8,838,Carkol,トロッゴン,大炭车,岩石,火
66796c5c46d92382f8ac0b3c,"",8,839,Coalossal,セキタンザン,巨炭山,岩石,火
66796c5c46d92382f8ac0b3d,"",8,840,Applin,カジッチュ,啃果虫,草,龙
66796c5c46d92382f8ac0b3e,"",8,841,Flapple,アップリュー,苹裹龙,草,龙
66796c5c46d92382f8ac0b3f,"",8,842,Appletun,タルップル,丰蜜龙,草,龙
66796c5c46d92382f8ac0b40,"",8,843,Silicobra,スナヘビ,沙包蛇,地面,""
66796c5c46d92382f8ac0b41,"",8,844,Sandaconda,サダイジャ,沙螺蟒,地面,""
66796c5c46d92382f8ac0b42,"",8,845,Cramorant,ウッウ,古月鸟,飞行,水
66796c5c46d92382f8ac0b43,"",8,846,Arrokuda,サシカマス,刺梭鱼,水,""
66796c5c46d92382f8ac0b44,"",8,847,Barraskewda,カマスジョー,戽斗尖梭,水,""
66796c5c46d92382f8ac0b45,"",8,848,Toxel,エレズン,毒电婴,电,毒
66796c5c46d92382f8ac0b46,"",8,849,Toxtricity,ストリンダー,颤弦蝾螈,电,毒
66796c5c46d92382f8ac0b47,"",8,850,Sizzlipede,ヤクデ,烧火蚣,火,虫
66796c5c46d92382f8ac0b48,"",8,851,Centiskorch,マルヤクデ,焚焰蚣,火,虫
66796c5c46d92382f8ac0b49,"",8,852,Clobbopus,タタッコ,拳拳蛸,格斗,""
66796c5c46d92382f8ac0b4a,"",8,853,Grapploct,オトスパス,八爪武师,格斗,""
66796c5c46d92382f8ac0b4b,"",8,854,Sinistea,ヤバチャ,来悲茶,幽灵,""
66796c5c46d92382f8ac0b4c,"",8,855,Polteageist,ポットデス,怖思壶,幽灵,""
66796c5c46d92382f8ac0b4d,"",8,856,Hatenna,ミブリム,迷布莉姆,超能力,""
66796c5c46d92382f8ac0b4e,"",8,857,Hattrem,テブリム,提布莉姆,超能力,""
66796c5c46d92382f8ac0b4f,"",8,858,Hatterene,ブリムオン,布莉姆温,超能力,妖精
66796c5c46d92382f8ac0b50,"",8,859,Impidimp,ベロバー,捣蛋小妖,恶,妖精
66796c5c46d92382f8ac0b51,"",8,860,Morgrem,ギモー,诈唬魔,恶,妖精
66796c5c46d92382f8ac0b52,"",8,861,Grimmsnarl,オーロンゲ,长毛巨魔,恶,妖精
66796c5c46d92382f8ac0b53,"",8,862,Obstagoon,タチフサグマ,堵拦熊,恶,一般
66796c5c46d92382f8ac0b54,"",8,863,Perrserker,ニャイキング,喵头目,钢,""
66796c5c46d92382f8ac0b55,"",8,864,Cursola,サニゴーン,魔灵珊瑚,幽灵,""
66796c5c46d92382f8ac0b56,"",8,865,Sirfetch'd,ネギガナイト,葱游兵,格斗,""
66796c5c46d92382f8ac0b57,"",8,866,Mr. Rime,バリコオル,踏冰人偶,冰,超能力
66796c5c46d92382f8ac0b58,"",8,867,Runerigus,デスバーン,死神板,地面,幽灵
66796c5c46d92382f8ac0b59,"",8,868,Milcery,マホミル,小仙奶,妖精,""
66796c5c46d92382f8ac0b5a,"",8,869,Alcremie,マホイップ,霜奶仙,妖精,""
66796c5c46d92382f8ac0b5b,"",8,870,Falinks,タイレーツ,列阵兵,格斗,""
66796c5c46d92382f8ac0b5c,"",8,871,Pincurchin,バチンウニ,啪嚓海胆,电,""
66796c5c46d92382f8ac0b5d,"",8,872,Snom,ユキハミ,雪吞虫,冰,虫
66796c5c46d92382f8ac0b5e,"",8,873,Frosmoth,モスノウ,雪绒蛾,冰,虫
66796c5c46d92382f8ac0b5f,"",8,874,Stonjourner,イシヘンジン,巨石丁,岩石,""
66796c5c46d92382f8ac0b60,"",8,875,Eiscue,コオリッポ,冰砌鹅,冰,""
66796c5c46d92382f8ac0b61,"",8,876,Indeedee,イエッサン,爱管侍,超能力,一般
66796c5c46d92382f8ac0b62,"",8,877,Morpeko,モルペコ,莫鲁贝可,电,恶
66796c5c46d92382f8ac0b63,"",8,878,Cufant,ゾウドウ,铜象,钢,""
66796c5c46d92382f8ac0b64,"",8,879,Copperajah,ダイオウドウ,大王铜象,钢,""
66796c5c46d92382f8ac0b65,"",8,880,Dracozolt,パッチラゴン,雷鸟龙,电,龙
66796c5c46d92382f8ac0b66,"",8,881,Arctozolt,パッチルドン,雷鸟海兽,电,冰
66796c5c46d92382f8ac0b67,"",8,882,Dracovish,ウオノラゴン,鳃鱼龙,水,龙
66796c5c46d92382f8ac0b68,"",8,883,Arctovish,ウオチルドン,鳃鱼海兽,水,冰
66796c5c46d92382f8ac0b69,"",8,884,Duraludon,ジュラルドン,铝钢龙,钢,龙
66796c5c46d92382f8ac0b6a,"",8,885,Dreepy,ドラメシヤ,多龙梅西亚,龙,幽灵
66796c5c46d92382f8ac0b6b,"",8,886,Drakloak,ドロンチ,多龙奇,龙,幽灵
66796c5c46d92382f8ac0b6c,"",8,887,Dragapult,ドラパルト,多龙巴鲁托,龙,幽灵
66796c5c46d92382f8ac0b6d,"",8,888,Zacian,ザシアン,苍响,妖精,""
66796c5c46d92382f8ac0b6e,"",8,889,Zamazenta,ザマゼンタ,藏玛然特,格斗,""
66796c5c46d92382f8ac0b6f,"",8,890,Eternatus,ムゲンダイナ,无极汰那,毒,龙
66796c5c46d92382f8ac0b70,"",8,891,Kubfu,ダクマ,熊徒弟,格斗,""
66796c5c46d92382f8ac0b71,"",8,892,Urshifu,ウーラオス,武道熊师,格斗,恶
66796c5c46d92382f8ac0b72,"",8,893,Zarude,ザルード,萨戮德,恶,草
66796c5c46d92382f8ac0b73,"",8,894,Regieleki,レジエレキ,雷吉艾勒奇,电,""
66796c5c46d92382f8ac0b74,"",8,895,Regidrago,レジドラゴ,雷吉铎拉戈,龙,""
66796c5c46d92382f8ac0b75,"",8,896,Glastrier,ブリザポス,雪暴马,冰,""
66796c5c46d92382f8ac0b76,"",8,897,Spectrier,レイスポス,灵幽马,幽灵,""
66796c5c46d92382f8ac0b77,"",8,898,Calyrex,バドレックス,蕾冠王,超能力,草
66796c5c46d92382f8ac0b78,"",8,899,Wyrdeer,アヤシシ,诡角鹿,一般,超能力
66796c5c46d92382f8ac0b79,"",8,900,Kleavor,バサギリ,劈斧螳螂,虫,岩石
66796c5c46d92382f8ac0b7a,"",8,901,Ursaluna,ガチグマ,月月熊,地面,一般
66796c5c46d92382f8ac0b7b,"",8,902,Basculegion,イダイトウ,幽尾玄鱼,水,幽灵
66796c5c46d92382f8ac0b7c,"",8,903,Sneasler,オオニューラ,大狃拉,格斗,毒
66796c5c46d92382f8ac0b7d,"",8,904,Overqwil,ハリーマン,万针鱼,恶,毒
66796c5c46d92382f8ac0b7e,"",8,905,Enamorus,ラブトロス,眷恋云,妖精,飞行
66796c5c46d92382f8ac0b7f,"",9,906,Sprigatito,ニャオハ,新叶喵,草,""
66796c5c46d92382f8ac0b80,"",9,907,Floragato,ニャローテ,蒂蕾喵,草,""
66796c5c46d92382f8ac0b81,"",9,908,Meowscarada,マスカーニャ,魔幻假面喵,草,恶
66796c5c46d92382f8ac0b82,"",9,909,Fuecoco,ホゲータ,呆火鳄,火,""
66796c5c46d92382f8ac0b83,"",9,910,Crocalor,アチゲータ,炙烫鳄,火,""
66796c5c46d92382f8ac0b84,"",9,911,Skeledirge,ラウドボーン,骨纹巨声鳄,火,幽灵
66796c5c46d92382f8ac0b85,"",9,912,Quaxly,クワッス,润水鸭,水,""
66796c5c46d92382f8ac0b86,"",9,913,Quaxwell,ウェルカモ,涌跃鸭,水,""
66796c5c46d92382f8ac0b87,"",9,914,Quaquaval,ウェーニバル,狂欢浪舞鸭,水,格斗
66796c5c46d92382f8ac0b88,"",9,915,Lechonk,グルトン,爱吃豚,一般,""
66796c5c46d92382f8ac0b89,"",9,916,Oinkologne,パフュートン,飘香豚,一般,""
66796c5c46d92382f8ac0b8a,"",9,917,Tarountula,タマンチュラ,团珠蛛,虫,""
66796c5c46d92382f8ac0b8b,"",9,918,Spidops,ワナイダー,操陷蛛,虫,""
66796c5c46d92382f8ac0b8c,"",9,919,Nymble,マメバッタ,豆蟋蟀,虫,""
66796c5c46d92382f8ac0b8d,"",9,920,Lokix,エクスレッグ,烈腿蝗,虫,恶
66796c5c46d92382f8ac0b8e,"",9,921,Pawmi,パモ,布拨,电,""
66796c5c46d92382f8ac0b8f,"",9,922,Pawmo,パモット,布土拨,电,格斗
66796c5c46d92382f8ac0b90,"",9,923,Pawmot,パーモット,巴布土拨,电,格斗
66796c5c46d92382f8ac0b91,"",9,924,Tandemaus,ワッカネズミ,一对鼠,一般,""
66796c5c46d92382f8ac0b92,"",9,925,Maushold,イッカネズミ,一家鼠,一般,""
66796c5c46d92382f8ac0b93,"",9,926,Fidough,パピモッチ,狗仔包,妖精,""
66796c5c46d92382f8ac0b94,"",9,927,Dachsbun,バウッツェル,麻花犬,妖精,""
66796c5c46d92382f8ac0b95,"",9,928,Smoliv,ミニーブ,迷你芙,草,一般
66796c5c46d92382f8ac0b96,"",9,929,Dolliv,オリーニョ,奥利纽,草,一般
66796c5c46d92382f8ac0b97,"",9,930,Arboliva,オリーヴァ,奥利瓦,草,一般
66796c5c46d92382f8ac0b98,"",9,931,Squawkabilly,イキリンコ,怒鹦哥,一般,飞行
66796c5c46d92382f8ac0b99,"",9,932,Nacli,コジオ,盐石宝,岩石,""
66796c5c46d92382f8ac0b9a,"",9,933,Naclstack,ジオヅム,盐石垒,岩石,""
66796c5c46d92382f8ac0b9b,"",9,934,Garganacl,キョジオーン,盐石巨灵,岩石,""
66796c5c46d92382f8ac0b9c,"",9,935,Charcadet,カルボウ,炭小侍,火,""
66796c5c46d92382f8ac0b9d,"",9,936,Armarouge,グレンアルマ,红莲铠骑,火,超能力
66796c5c46d92382f8ac0b9e,"",9,937,Ceruledge,ソウブレイズ,苍炎刃鬼,火,幽灵
66796c5c46d92382f8ac0b9f,"",9,938,Tadbulb,ズピカ,光蚪仔,电,""
66796c5c46d92382f8ac0ba0,"",9,939,Bellibolt,ハラバリー,电肚蛙,电,""
66796c5c46d92382f8ac0ba1,"",9,940,Wattrel,カイデン,电海燕,电,飞行
66796c5c46d92382f8ac0ba2,"",9,941,Kilowattrel,タイカイデン,大电海燕,电,飞行
66796c5c46d92382f8ac0ba3,"",9,942,Maschiff,オラチフ,偶叫獒,恶,""
66796c5c46d92382f8ac0ba4,"",9,943,Mabosstiff,マフィティフ,獒教父,恶,""
66796c5c46d92382f8ac0ba5,"",9,944,Shroodle,シルシュルー,滋汁鼹,毒,一般
66796c5c46d92382f8ac0ba6,"",9,945,Grafaiai,タギングル,涂标客,毒,一般
66796c5c46d92382f8ac0ba7,"",9,946,Bramblin,アノクサ,纳噬草,草,幽灵
66796c5c46d92382f8ac0ba8,"",9,947,Brambleghast,アノホラグサ,怖纳噬草,草,幽灵
66796c5c46d92382f8ac0ba9,"",9,948,Toedscool,ノノクラゲ,原野水母,地面,草
66796c5c46d92382f8ac0baa,"",9,949,Toedscruel,リククラゲ,陆地水母,地面,草
66796c5c46d92382f8ac0bab,"",9,950,Klawf,ガケガニ,毛崖蟹,岩石,""
66796c5c46d92382f8ac0bac,"",9,951,Capsakid,カプサイジ,热辣娃,草,""
66796c5c46d92382f8ac0bad,"",9,952,Scovillain,スコヴィラン,狠辣椒,草,火
66796c5c46d92382f8ac0bae,"",9,953,Rellor,シガロコ,虫滚泥,虫,""
66796c5c46d92382f8ac0baf,"",9,954,Rabsca,ベラカス,虫甲圣,虫,超能力
66796c5c46d92382f8ac0bb0,"",9,955,Flittle,ヒラヒナ,飘飘雏,超能力,""
66796c5c46d92382f8ac0bb1,"",9,956,Espathra,クエスパトラ,超能艳鸵,超能力,""
66796c5c46d92382f8ac0bb2,"",9,957,Tinkatink,カヌチャン,小锻匠,妖精,钢
66796c5c46d92382f8ac0bb3,"",9,958,Tinkatuff,ナカヌチャン,巧锻匠,妖精,钢
66796c5c46d92382f8ac0bb4,"",9,959,Tinkaton,デカヌチャン,巨锻匠,妖精,钢
66796c5c46d92382f8ac0bb5,"",9,960,Wiglett,ウミディグダ,海地鼠,水,""
66796c5c46d92382f8ac0bb6,"",9,961,Wugtrio,ウミトリオ,三海地鼠,水,""
66796c5c46d92382f8ac0bb7,"",9,962,Bombirdier,オトシドリ,下石鸟,飞行,恶
66796c5c46d92382f8ac0bb8,"",9,963,Finizen,ナミイルカ,波普海豚,水,""
66796c5c46d92382f8ac0bb9,"",9,964,Palafin,イルカマン,海豚侠,水,""
66796c5c46d92382f8ac0bba,"",9,965,Varoom,ブロロン,噗隆隆,钢,毒
66796c5c46d92382f8ac0bbb,"",9,966,Revavroom,ブロロローム,普隆隆姆,钢,毒
66796c5c46d92382f8ac0bbc,"",9,967,Cyclizar,モトトカゲ,摩托蜥,龙,一般
66796c5c46d92382f8ac0bbd,"",9,968,Orthworm,ミミズズ,拖拖蚓,钢,""
66796c5c46d92382f8ac0bbe,"",9,969,Glimmet,キラーメ,晶光芽,岩石,毒
66796c5c46d92382f8ac0bbf,"",9,970,Glimmora,キラフロル,晶光花,岩石,毒
66796c5c46d92382f8ac0bc0,"",9,971,Greavard,ボチ,墓仔狗,幽灵,""
66796c5c46d92382f8ac0bc1,"",9,972,Houndstone,ハカドッグ,墓扬犬,幽灵,""
66796c5c46d92382f8ac0bc2,"",9,973,Flamigo,カラミンゴ,缠红鹤,飞行,格斗
66796c5c46d92382f8ac0bc3,"",9,974,Cetoddle,アルクジラ,走鲸,冰,""
66796c5c46d92382f8ac0bc4,"",9,975,Cetitan,ハルクジラ,浩大鲸,冰,""
66796c5c46d92382f8ac0bc5,"",9,976,Veluza,ミガルーサ,轻身鳕,水,超能力
66796c5c46d92382f8ac0bc6,"",9,977,Dondozo,ヘイラッシャ,吃吼霸,水,""
66796c5c46d92382f8ac0bc7,"",9,978,Tatsugiri,シャリタツ,米立龙,龙,水
66796c5c46d92382f8ac0bc8,"",9,979,Annihilape,コノヨザル,弃世猴,格斗,幽灵
66796c5c46d92382f8ac0bc9,"",9,980,Clodsire,ドオー,土王,毒,地面
66796c5c46d92382f8ac0bca,"",9,981,Farigiraf,リキキリン,奇麒麟,一般,超能力
66796c5c46d92382f8ac0bcb,"",9,982,Dudunsparce,ノココッチ,土龙节节,一般,""
66796c5c46d92382f8ac0bcc,"",9,983,Kingambit,ドドゲザン,仆刀将军,恶,钢
66796c5c46d92382f8ac0bcd,"",9,984,Great Tusk,イダイナキバ,雄伟牙,地面,格斗
66796c5c46d92382f8ac0bce,"",9,985,Scream Tail,サケブシッポ,吼叫尾,妖精,超能力
66796c5c46d92382f8ac0bcf,"",9,986,Brute Bonnet,アラブルタケ,猛恶菇,草,恶
66796c5c46d92382f8ac0bd0,"",9,987,Flutter Mane,ハバタクカミ,振翼发,幽灵,妖精
66796c5c46d92382f8ac0bd1,"",9,988,Slither Wing,チヲハウハネ,爬地翅,虫,格斗
66796c5c46d92382f8ac0bd2,"",9,989,Sandy Shocks,スナノケガワ,沙铁皮,电,地面
66796c5c46d92382f8ac0bd3,"",9,990,Iron Treads,テツノワダチ,铁辙迹,地面,钢
66796c5c46d92382f8ac0bd4,"",9,991,Iron Bundle,テツノツツミ,铁包袱,冰,水
66796c5c46d92382f8ac0bd5,"",9,992,Iron Hands,テツノカイナ,铁臂膀,格斗,电
66796c5c46d92382f8ac0bd6,"",9,993,Iron Jugulis,テツノコウベ,铁脖颈,恶,飞行
66796c5c46d92382f8ac0bd7,"",9,994,Iron Moth,テツノドクガ,铁毒蛾,火,毒
66796c5c46d92382f8ac0bd8,"",9,995,Iron Thorns,テツノイバラ,铁荆棘,岩石,电
66796c5c46d92382f8ac0bd9,"",9,996,Frigibax,セビエ,凉脊龙,龙,冰
66796c5c46d92382f8ac0bda,"",9,997,Arctibax,セゴール,冻脊龙,龙,冰
66796c5c46d92382f8ac0bdb,"",9,998,Baxcalibur,セグレイブ,戟脊龙,龙,冰
66796c5c46d92382f8ac0bdc,"",9,999,Gimmighoul,コレクレー,索财灵,幽灵,""
66796c5c46d92382f8ac0bdd,"",9,1000,Gholdengo,サーフゴー,赛富豪,钢,幽灵
66796c5c46d92382f8ac0bde,"",9,1001,Wo-Chien,チオンジェン,古简蜗,恶,草
66796c5c46d92382f8ac0bdf,"",9,1002,Chien-Pao,パオジアン,古剑豹,恶,冰
66796c5c46d92382f8ac0be0,"",9,1003,Ting-Lu,ディンルー,古鼎鹿,恶,地面
66796c5c46d92382f8ac0be1,"",9,1004,Chi-Yu,イーユイ,古玉鱼,恶,火
66796c6846d92382f8ac0be2,"",9,1005,Roaring Moon,トドロクツキ,轰鸣月,龙,恶
66796c6846d92382f8ac0be3,"",9,1006,Iron Valiant,テツノブジン,铁武者,妖精,格斗
66796c6846d92382f8ac0be4,"",9,1007,Koraidon,コライドン,故勒顿,格斗,龙
66796c6846d92382f8ac0be5,"",9,1008,Miraidon,ミライドン,密勒顿,电,龙
66796c6846d92382f8ac0be6,"",9,1009,Walking Wake,ウネルミナモ,波荡水,水,龙
66796c6846d92382f8ac0be7,"",9,1010,Iron Leaves,テツノイサハ,铁斑叶,草,超能力
66796c6846d92382f8ac0be8,"",9,1011,Dipplin,カミッチュ,裹蜜虫,草,龙
66796c6846d92382f8ac0be9,"",9,1012,Poltchageist,チャデス,斯魔茶,草,幽灵
66796c6846d92382f8ac0bea,"",9,1013,Sinistcha,ヤバソチャ,来悲粗茶,草,幽灵
66796c6846d92382f8ac0beb,"",9,1014,Okidogi,イイネイヌ,够赞狗,毒,格斗
66796c6846d92382f8ac0bec,"",9,1015,Munkidori,マシマシラ,愿增猿,毒,超能力
66796c6846d92382f8ac0bed,"",9,1016,Fezandipiti,キチキギス,吉雉鸡,毒,妖精
66796c6846d92382f8ac0bee,"",9,1017,Ogerpon,オーガポン,厄诡椪,草,""
66796c6846d92382f8ac0bef,"",9,1018,Archaludon,ブリジュラス,铝钢桥龙,钢,龙
66796c6846d92382f8ac0bf0,"",9,1019,Hydrapple,カミツオロチ,蜜集大蛇,草,龙
66796c6846d92382f8ac0bf1,"",9,1020,Gouging Fire,ウガツホムラ,破空焰,火,龙
66796c6846d92382f8ac0bf2,"",9,1021,Raging Bolt,タケルライコ,猛雷鼓,电,龙
66796c6846d92382f8ac0bf3,"",9,1022,Iron Boulder,テツノイワオ,铁磐岩,岩石,超能力
66796c6846d92382f8ac0bf4,"",9,1023,Iron Crown,テツノカシラ,铁头壳,钢,超能力
66796c6846d92382f8ac0bf5,"",9,1024,Terapagos,テラパゴス,太乐巴戈斯,一般,""
66796c6846d92382f8ac0bf6,"",9,1025,Pecharunt,モモワロウ,桃歹郎,毒,幽灵
